6ea77622094657f3c95584e6d403bc05297a7d8a,d36516c430b1c7ef51a92281c8282e12bc97d079
50fa627d7a5a953d0f840dc50a2c067a172aa8b4,8d467b8d595fde24d309a38214384a908a09ff42
2077e4e2d736dd82c801f77852cdb1e845dc7bcf,5caa693eb934bc9b4baaed80500cdd1ded22a908
632eed182d50eb9a079fec958f9f7330d86a995d,5a4bd7282d91922c6563e5abf464f0235cfe505d
cbf4ff5b92a33061ac49d085cacc40b77bf93107,d2ca616c7ded9aed92a82f9f8e8b082eb59da2d4
5dccc60d65c01cafbade0f9bee2fbe26fdf288a8,99219bed4a66d21fdeab534d620cc0e145cb7154
9ae5d1869b440949db2a97242cb21863162acad5,cd925b4e328ffbce05c12285b2dfcda5bf0e7064
1f26e75582d721064b2594f4bf65acf2fef2c01f,2276424224ce7e003726f8492e4a582abc3fd905
a7b2856e88c4f2d5a59aa8861e4b8b01a7988544,3d473f3ecb3a4789e9d8e84868ba38729bf9c0aa
f93cb7973df4fc555e9ef9d80e112070eba1071d,4f4e57ec9cae49baaee05765581299df51740101
168b27ee092048805132a4f36a5b99cf2f43856d,73fd84b7e637c314da5a35b1c835aa891a251bf8
c72c94da74743bb9f0c16d34468e6888897c956e,8eeabd6899731a16c30aa70fb7615762b62008be
608af88292f2a2b1d799187e4177aec8922c2dcb,ee3302095d22dd6874c88dbbe729ce539af29e74
a1e5b1fb0e29296296257e6c1c1865dd8b3c8d33,1bd0f8b385095dc87c1756a4d7cd9d4e7c715a92
cc831916ab6d09aeec0e769f853a8ecc2f02ce49,e134e301cc56376121ecf7c1a87d4990f374c2b3
0b9d4216379aa6329b036913ef47117da805f106,638dfded69b8a91194617335f139b110256e7fe1
08c15b6a3c1d6c89a9912b2eaed4b0f7af8fe615,3a10f539b7bc1f5162fd33fb6291a25744550804
31f4dbf594405e7ab8bd2c6f065039e49bbd5d4a,516509b3152cdedc582252332fedc316d47efc9b
04d6f1971ab2cf439da1495b9a2294525220c7ca,e1e60e7baec4eaee3255f43247c34f3e61e0698b
f3c154c76da2a9bbbb0d80a169614f6172c2b8e0,2c357bbb0dd8c8970c5fa1362ae3ad26eeca877d
dbbda66f64952a4e73547a5e798621b0a8fd6dcd,6ad9cdc8e422f30e607b265e7a96ca75e9d1cfaa
88dc17e003460c5b0c5620bd57040706e36af974,d91a3f5e75b181b30c91e669ed2c83e1238f0362
c1c1cc9d4505f36c615ab16c55f4ef5a8b6adb17,76cb56095b01a8b7172fd0354f3039a562b5d0d0
08b7192052853032b9955fc476077f19e077d6d0,4084b7dc32887629ff38395eef4d4a106c620d36
0da05c4954f586887f330615cd78db0734d4e44f,edca781e49544669e3ae229c4b0215c56ed25d79
9d91bcf267dd1ed95134253fe90b9b06694e1b68,b34433ab6d16dae5eb5dd70b1b20638d2a6052f0
f6397cc140ad45fc043b60a27b61121f3c9c898b,e3a609f97bbd1c734ebb75597231f67892625db8
2dd61af830a14c4ac255f24a87cdee42c79e47ed,c207288742b2e5afefe7a7edf170c7884db980fc
28bc3c134cddb5c986bedb6f7364b783e78aba4d,4ca99fe3302e94c18dcc49b4d93fec0251470377
d10af14415ea4e72f4bb82482caed9eb9fa16afd,3bc544da2325661c77f276a58dc6c1d064050d88
5f10c0945288f6c1ff342213e06b27867a7b3cc3,ce07449a03e9ed158518467fe9d30c6b58293861
3b8a9f8e2e21c7e4eb5d53e8d0acdbd1a0fe75fb,3f69eb8373ac4c4b10e035ac7677427798c0657a
1bcf163b984a92959c7f1db41f97bdb531378ced,06b43dfd38c623205b0816a445d0b582fde8ff3f
a9e70f2d40479ee423d60523676261e54e22a6f7,4e4b4d73dd1a854a52e9f62e5e457ebab83bfa9d
6771441abc8118d4e93f7edf172cadd1ec362cef,5d01ff70860054034988668696675329f63567c2
163bf22ff8e52b8256dfecdf460c270e9757cef0,c1b6b1c4d6da33adf360dbcb56e5ac55790ae96f
268e0cc2292e55f73a43555f5d291c971e429f97,0022c061e4c4705fb16aac617c77b945239fb391
7bba498b528f1016a9b81b84b810e788e04e3afc,21d047f8d4964dc61864312433b445eff350cd4e
4d7d7d2c274564d9bbc445fc858b058c0a7a7d48,5e7e6999960bbd6f9b1d457f3437992c824b96a4
db39033e64697662fb48d70d94bea7e3cd5d1146,4f024241b34ff665ac98260ddc50c92128f33a6c
102f9f7ff0ab8365074d28b0384f9680bd797022,4c2510e9e95edf2b56558b0ba3bced2969384256
90f2b95ab4f73255d130ddbf06d6e7c74a89a5ca,6c2ee2061dfea4332ada2df7009c2dbe21138411
8cbeb8c14117a76b6f37fe6ed77960e7381cd30b,6d554245869ec40f4e0a58119f26a4db2d94c890
5aca9f0c0856338400de26077a1de253b3143969,c779c5df2b236acb8e5d0a8b4893797cadd7dccc
f67e58db04ddb430e728b7dc74c68145b21759a4,518aeaaa6db87cc948befd172b5f1fa9acdc1061
f4282b40873dbe6c69908c3e95866dbc9f9703d2,c6ebd14b51e616d75b735d09461ff950aa161575
f099f8b723d576ecd60a04ba127c4de8ef452d86,14887eb6ab73e9c7eb961c20c0ced95dc90d90a3
d8b820ab6b4cf37d70b0348f387732fc2148fff2,da99512a37891e31e71f5aef8388d2b9de5fb900
7ac7af2beb04e5fabe376e3c5f2477afb7d5495b,c9b559ae17171e606ed2ac209e334ddad2f3859b
69b2fae7b30a93ea21bfca9fade2a3269c8a5ffe,94d076a5065adcc298ecd0b0ea298cb3d48237e0
634f9350e9ef4b6d04f80487f759d2dd7ad235c0,8964ea69cc0317c064b5f194010465f23c975ea5
386ad724558d7dc11f24d63bcc01fb091aac4a29,b9cafe5fff5e7668ba2a668ffd6a573d91cf1f40
413268f41e6648029233a651fef42b0988080236,3fe3299a6d041194df088185bb33d3c25defdee5
8ae5e2294847d3112f099ca7980e8316c74fb3f2,f88177a7866cf926aa1a4bcb301404a8da13ea15
12cc828a5e5ed0684094c4e0ed711c3a697bd443,2642a85caba75ccad3f2399e366b76d7745a82be
dfc1782b5075392adfa2a379672a4eacdef31bc1,c3d12ce7d86847c85e7150d2c37347762fec8dff
0ae809d73b90766b7a3629a43015e4c791bfcf36,429f77a12987636b584342fab448e41a0c0f041f
97e3f5c5a73b6c6c90c255f7b487b87573a071f3,7e1481ff5aee4b70dc24f5e5d4acaf4dc9df0afd
3dbe41beb0e067b526db86e0555f97c76d456cd6,f7823a69ab80ee9ee2e1f362ee24bdcffc07794d
a8e5c06cde7c0202949ff0b696e7f8d781dd9ef3,de8d3503cde039853bf19d94d80e38e8c55dd490
fc69e8baf736b095ef504d9b76df5ebd43319d92,7dce49cc30b34fbfcd7c9c82fa88bc8029babdc8
bfd1d5867518ef16ed3f73c89698f5c02c0d87b3,1b882aa6388f058ebdb8ac5fb66179c27cca25fd
238bb4f2945fab5bcda07d51c719d859aac4858d,e209feb3cf2f8fecd74ed4e8f3b1506bb36ee561
37fd6562c321dc0619765eadd9b76aef0cdaf652,9518b5159f8ade423a4025fabd0f4e017469acc9
b0e0a2c24a07c87ce3284878cc876fc895c0d3c5,7df7378cd73ec083fa8e6cf630062f37ec6f12a1
5279d90a94ec0b53ed8761acfbc61117a3a247f4,055c47443899f68b9caaf30d85160214c110f2ec
465d563a207c21acc5b8052299a7ed8c8bbdbddf,7f3ef3bb741a653c0fc680490db638228c72a6f2
3436201122cd1687475d67672595faea7ea04b01,6c5ae9288e5ecf705fb0b7c3e64f1a9a7ef9f15d
bb6eab74e258595da6f5fb3b87ba2a2b464bf3af,057d9d7d50eec3508110de3876d7d45a59b335bf
6f6c178b2c71a0a073201a6d0ff1842cd36ecebf,95bbf83d21b7a5d0a8ee135ec84fe531916c0d95
66f129733adaa8edf5fb83cfebfa6cdafbc8edb2,f0b6de4acdf90cb3dcc85c3ff52dbfd2f05feef1
451cf06ff3204159f62c7a096ae9975491f2e623,a7fed67c6477843a4b700940a5ef16f8bea3891e
960657d8289de0bd6b99021772b163fd75a5a67c,f0cd336a0ab478e9acb8b5e8f3b198d6c18dae3a
99c42e69a624bc2866b31e14fb1cd004e808f2d9,1cdd0362e55c3e666a149d28aba566b61093dbd7
5077c9d37736ca784149d3b811e83a79ddcccc81,6f527456043b7388e4dc725b19a06c1f3de01945
5992d27f0cefe7e703556e6327bb04fa952f19bf,64397396be70be49aa83890e774665c29b07fc5e
b111636ee35a41483ed265e305e345282555e2bf,d21405945c6f62e6a0c6f2bc1b86ee3f54bb7ba0
00844fc9d1db5de043a6a181778ec820c081ad58,628ff95a95006233cadee416baf73b6aff63ad9d
954525e71c72fcabfd8f08a5c65cb54108481959,dfb4b6e9d2a73266e7beeaff28074225e2d3fff3
92ce7ec648440be2bf2dbe3a2701c78e226eec23,a2f6e213ae6eb905685f7a1347ae6c451f46d46b
a813283dfc9e4e7d4b9083f7a898aaac3ffbedaf,a67d441ca5f5941ff049de35b21f4f36cab5a3e9
bd8e31d1e7e48850a8081d248082c6e5262a8eb4,2c54dd2e394786f4c42aca32623332d4116eaea8
33066a73c45bc168d920d76b17cb75b754384cf8,3435eda74e4f4d30fb49c15ad795ae25553955fe
0c0f44d977c516dbabe5e337c90cfd4e12b64a28,ba05ef0348e7569b23a406189fb6b045cbe3db28
6fe0c3bb94a205c6473a94a5e62962df54284236,41a3bb55128d90e6a9f3370e51ff9ccfdf90b39d
0180a3b8d5870f946b6a94bbd337434847ea61fb,e4195b18258687ff70c11dd3b9ac9c1e7288ca0a
ce3f05640108551c5bba5c81f9162d6a35e1ea72,ec201e6f9f09eb6ca6b751447bef317021a5efd0
a9fe5c34f5984ab7ea3d10068576c053e74f259e,cf15582c779b9f21de4d553de1d4f729a6001239
6e41998f3e7cfd4f60d7b91b8dc61108d306dd98,47665c015f2dea4921e11f602c393fc856136d31
12c8c511bbcad30ba8ed8084f2de70b9b89cfe12,960b5d09344b4852baabeb7defebc81ebf9a0f34
1d2c9a3e32bf50c1027704fae13801c417772216,daf9a197daf12147dd1fc65cd9f7f0e86c984a7e
ec4a44c93c1839afaa454d368cca8901d59fc54d,833e95b46b3433463b1c3fa197290fb94ab61769
10d1844ae0feecc060eb5a42a8c4726a78136269,42061932c0b3da4dd9f01e7f82ce8d47aaf9ffe1
cb0c9e1ae1ce6b9159da630a80d6b9f35b0df9ce,9067780c6672320b970c1ba632b735930f3fa942
12813d7cd9c194bddbeb7e7d427b702005f40d88,b0762c9fc6dc2a29d6a65edeb343f3aa99b8f0b2
b1d70d7ff3a9b64f980a191ac5cea06a3eff2958,ed2e93a8837406093bf16fafceec473d84d2150c
9b677c6ef88511711763a879fa704958148b6375,54c66aa33afad629d73f3e17bbc4386916da27f8
db3a81a87c3c98d83e411d4cdf529d5ba2c7eb79,e4e18c25668c81cc656ec01178c33d7de4e6a10e
f6822b391b4a2460710c382681733f0d2544bb4a,250e8cf059526f802b9f7c5947002195a94cabc0
7e6473f1d319aa58afb3918a327bb72faa209d94,142258569cd1270d6bbc2372c1f05352540f6d6f
c2c1f173334f9236e6e3584c015b1f954bc107a0,e08c3bd4a4042c1a538a645645d6e5f2028bf7e3
18b27f77b537a34e785b731689b477ad5756050f,401c3ad295f2064f87fe2ac9d0b292bc040b7c01
5a92bb6b4806867538e4ad02ff91024237ca4d9d,edbf22e502fdb7ac7e5e1e43719e86d1f4b1d2aa
e154eb17a92037f7c99d967085015c83896fd737,c8da25a9bf0c5c9cc850a65cb2819b568553bc6d
1d9129b00b721adc84a5a5c50562e0c92daac447,17a13ce25027f68d1fa14755334b48b588784c7d
d460c13ef776a828e2e90223579a1126564c402c,0dec024ad44c17e503f9b42448293b0a8eccaaf1
47cd014758579b40eef872ef425a421d48772a17,fef12903a1a1419fb541bf5bd455156865d7f18f
7dcadb2d174f7778d89c73b69e96514968a0f930,e4605ba91fc2afc9592ae9ecbe3c60931dcc7347
f9df8f79a07b381713c1a76be7b57f93c7e33429,966893b8169b3ebd74d679caa7af2154b4a6aed9
b6feb7a06b30eaee3c80462d619ad1a0c96591c1,87233b9c6e10ea61aaa0e61c9c17d37a9cbea7d2
3643dc3ed9c371aa106fa1d5d340809214dce7b0,ed24769351c8d5649bf9e7857ea826fd75b18a9f
2aa5b7522c3005fd2a918333a59467e5569ec961,00c2aa33867313c48cc1cc789889782ad43566ba
81f8fb46bcb939252c4a08c9d4d4025a136549b0,945b328b80aefd83621c94a670251ec3c0e4eee5
5fabe4b31c3ad3ffe7ef83518c24ff60d2f74885,4029f01f1c05322920fd7f8ff5d700adc2ec2776
84599013f0a90aefece251d0acf63f4a25594eef,31f8062510fb60d3e5fb37af02c3e2ca132a5279
1b945ccf4d0852a0a6bd72e2ae082577a12356dc,71b22ef1aa8301e2f1c2980adf3341ed4cb604d2
779a06f6aa4b7a97c6ed05fc6eff41e30e2dc6e6,8ddaf21019f698f0ee29c69462a9c17724e68196
1770421ee0dde1bf43a7c91974d403e0fa6b7e23,5a3352be2dd3c8f7f360117efe5472d137429095
6cbfb8f59ee6e46f14266d80003cb6b130d23288,cee85dcdf26831f663a21c91ad38b54ff6105967
7172ff2683015d10b6751b4ebb8408ba8b071ea4,2cbd32bedc82f0b9b84e642ba0b36e294a21e888
32744a06dfe126ecf4d52ca4ca467f6dee58a63f,32e22baa56ebfb381e1fcb39a908a9b6f44e6158
fde988164a1197b21cf5dd100e1ba8ced3691a89,3b4211fe5d53818f712b58347328b3506cccb6a9
5b7fa56beca7b5c4338e7584955909cf03f2b6db,466886a2ed222b26b156c8bc73d3bb9aeb631efa
103b7cbfcb232a4b1baad12888628b2351bd9a49,3132e0778658b391de4fa8f920ff7d89e0c6c785
75c57431becfed954bbb662d6a62680680238fa6,ed1dcb35acd197c7613d6a046e21c19b9c3fe88b
38c515395744a3745011a3840e4527e708522723,77087d3927b8ea2c403543b485c67bc7b99e5511
2c1e49504b9ae9cc0756ee17931a17e16ef2b2b1,262f53a9ba9a9c3911eb3952595cd49665dfa540
e372ee4520261553399c18b38e706a329c705672,5fe07fb3dd50f765d00eb2b2201d75a4bf79056b
45271ffaf0562b4c4bf679c9ec233d78df85fac7,77c327327357de1443f4519109591ad77f809a2f
a5d506aa4e9ad34c162b26a0b9e1ec3c4d45ec39,9a7a4240d2bd22df01dc85216fa8cf609027ae3d
7cab2e8be60eb86ef05fb38e19d24a6d47563a6b,346e431079285e22a818d3755c247e3f1616931d
e4c740520924393dd804c5fb1beca5042dd49e84,9f248f416eadc0b74b1c08f019bc97190274ad3e
aa0e24742560086843224ba5efcc46a00ea225a3,880a962b320ed6c900a0eeafd8f89223615b4294
e7573a8e38816e3035db1823d6c696c265470ae6,71caae653c38d236c8260216960dcf35551061ca
bbaed7abb36eded987997c0c617062109267f1c0,d77c4aec4343a71f4400f76eb2f797bdd08e0151
45634d80c08edca8edd92b5597a3d174daaf0f04,90b196d960314fe269acec000affd9ad58e84b9f
6e2bd68c30d5dc5e5e822e9aad0a962589251f8b,f122671acce1e977c9b8e9a49e04e8bf5b2bd1e9
cca32f3fdb9c286f46f4871a7e627c7d106ab840,2661191af181102bca88fedd632558849acc9bcf
4209b63cb415c56ec60656775fca4860271a4b5d,a3c8053eec985790eba8f6390417af8651fd7d0a
d3de3b0624322dad76956f5acaed1ed92d068478,4d59af7e82548668ed4288820df9b1fbcf71ea43
ed0209574e3700daa0c64826ea61d173975322de,a344f5414bb34b7909cb18acf88d61009c982d47
df3a49fe22998fcc6ae9b7880f9f72877ea71435,1c5c1eed010a8e8cb9a58bfd85984205a9aaec08
e55cc5d8e6eb1ecc517f125c77a21658301eae02,56cd6c2411fc1b560f6da9a3db1af08c1244621b
f943abb63c7878a6fec76aba386459075d3ab5b6,fb6881495bf1ca52714ae599b8179ea40078c0f0
2f120743e4f4339c171b154294397c782f75d658,6bf459ff6f6b8d9dce2e9f9360fcfced5b580704
7d86e7d240bddb8f5708d1f07759a50433b89966,29a1551f52c0e864b93ae8fd7ae621cd870f0510
13775806c77063dd10c944edac5d43faf31530b9,c12ddb2719952eaf283d019d617e529f829d2bdd
3f736f123ff3e21cb98ff2cf9f755cb1e64e172d,e1b7437ca0a986376512b730b5ef7c316c4cea56
c5a78b610c61c0cc403f81b2c536306f4e0879d9,4d06c4f6b00e6d1b03b3bdf2e07cb1596d1ab03a
1819a83f780b30d9132578b48b79f38325bf0bdd,5a1787d2f3eb39a70823534f8daa0d2af79adbad
2378b14fd834c9979e1143cbb893c7bdbcd3feca,be99f018c801bb95ec46c6ecfab81657ad16fb5d
07d1cb98c058edcc7e528ab2c74fb56a960c24db,beab0dd614cefeda10342e460954cec085cec1ea
bdbc30572d7385f15b0fcdd10a91486be409702d,eedc44b471b7962b7f5a64f4f8065652259efd51
ac313c983fb9c2d9ecb21b21cd21566c84a64a39,6ada6475dbc13c41d6ecbda2d4801b105457a4e6
f7050923256b8fd947f6d1cb27ce068932fb9882,a14780d6846d4fcb90aa917aa8f6e6f7c6601cd6
9f042c7e54f820d158d160dcd0d3f754c54ec2ce,433b90a1b3c937e9868b0722efc2663ec318387b
84d5c1de38837551df741efb688afb14a5756e7e,851f5bfbe8248e6ffd50c05dcda882bfdad09952
444d54af2338469e98090072af89ad0225b4bdc4,7ec4a21e7e24f9ba81531b2b53054ac28bfaab9d
9d144e2dd9d2f21373d57b64fb9e23352736cedb,a439c4dae448649932af58942b3a23863baeb5aa
775805d3ac14dce0cf43cd89121c85259fbdf90f,f99aec9422dd625885d062f92c56f44737bd6a6e
195415da880d113fb770f498d8523057e5cd409c,25c8267a5c5590b6973fba7411662ca372a4e5ca
1762f2712df4edcb81d6ca10d83d1560b74f871b,84881c876e3c1888a5e6aa0225744d9c056ac941
36f94009d0ae57fcd2994824c840ee5a8bd10758,574389bed38cf7a6a75ffafdcb681d7c8f1e93d1
2d07503a934cbf1a934ef35fae47918b89c29d33,55da63b53a00d6095803a9ba3dedc03abca673b6
6395cab619470b22c4f43c9fda8232a34a6c3cb2,2ab3907e3d7e0d2ad905aad9d3ce71ed6a220c7d
16fe8db7dbfeac80e93c351f3bbf26b3cfcb9c67,df32fc717672cbe016380ceab42cb9103bdcaf20
18c69eb954cde20430f4cfa7eeac782f55d57204,7937a4e863cc8d05803141feaa6bb35021083966
babd3ccaf49d4d2f003551d72fd0c20ea16d21dc,92c5d61b4456c8a09ed56eb82a5c6efae7fb4d3c
d93a5731ffc8f307c703e9a141343f982cb1e12d,18be438f08d520ff61e8f1634cdcf1160aa9ed1f
29a92445b3d49615d65fa0812f0b303e726f5895,273437fc7777ac87331ade2a16e6a4bfbce7f7d0
3bd79cf92ec6005525bad9033074ad99993b4324,ceac2fa37adfeb963e81554b7ba71fdd08ce8cff
bb674cfccd79ce0f3d68c14a701fad46025e971c,eef6a1ea19e18a611f71c7eb63d6ed79d24ad663
b6fc45cad4b4d463b6ffe9f781ee88677bac2774,1c925d2c3e0b0f449185d23cddea3c9f1cd5233d
14f4461b8a934651c9d82515d58bb36da3ee8d3f,cee2d343be8d65bec7ecee004f26fe40472b0686
8953f860f05a036fdd7c7d59a81c90a700fc91d4,89bc0d4d0f0c0f5f66d82ed4fba80eed6582db52
bb92bd3091f8109af7fb75f8b4bbcd05c58b0059,b495c176785f0268d2ecd006dd917a3753c4d508
57fba1530f35e72af7c5ec7defd231d8461b6422,23c0816026bc9198a02c105d7c305f3ac6f8d6bf
5f7fe1dc69c22292edf9a745e15a1950bf4ca8ad,0e906ae8b8c0fded4efae974ce10bc589b9e8e1b
612990e27a5c4cf377031622e2ffeec12c4d0ca4,3c9830333c07fac11274139432da6cce710d8b81
902fc40214bc816f961ebf4e109adb38a202850d,230a55d886070f8a850253aa4e0d3b94a24126fc
443a1b47d1af2849648d70c3a22cc52be6e9c9a2,af08d43826a93b448de21809fe34ca5579157bcc
11913fef885c04717edc4d2ea18db1598a41eed7,f53595343e2babd293c4b807b928aef10bd9b772
16b082561e3353e81bb429247c1a0b0d6f8a089b,534f05a914f194b1dcd1ef0d945522dd5845b0cb
76270dfb27667ba1572bf9fa358ac547e2002f65,a3f221a645c294282b09648f5ddad79b57224258
849af504d135f624614c155bb29265f67e49f17f,1d2d5f752bfd28a86e79add0cc2be19aacc55cf0
8dd349d8e812f8435560927b58d2507689ca55fc,5e5ac435b7c3e25fa58f327ee375ec1059bd7310
fe3abf06fc16fd33b441a75b07862e8781b52f87,5804fe80de7016ee13ce3836e1a2dc4cfb0ff519
0350607eca55fe576ffa86db90718e8c0da3799e,7d286d654d4c441abe034ac09501d8a5f4d351c9
14c1a1f5b256356eb347574b478309459f44bc8e,7d07ba45f03857af2d52d21d03ea9c9b4891661b
ee2e8f15aa7e9814d3cdf66e565beda1eba6ca84,e49a1109ba7421f4be4a8d5c74a9720e433a5627
b2955f432d224c9e41e2d9d15838087bfbbd7444,22fdb7e244fb2dec9880ebd94fda0113dd7e7d00
e0265ec917c274af56240b9be859b4ad6ab7af84,f6a7dc776d551fb787714c9d9d5dcb30abd022bd
fb014be0588b4521b7ac9cdaecdd8a3012eab025,a094e295b4d4813953d86687b65d1b2e6ddf8eeb
58bf092a3e2eabc4f0a4a5bb791b897eff83e75d,e2f0f01d20cd95ec660ee5238c35d4e3153d566b
3f90238d3bd99c5cfa98fcf1ef9ec8004bf8d4fd,443f9197a5fd02d0d53716eb964980923a819079
7d85cbb2463aff2835c488999a60acbf53de2726,4971df3fe6d0cb0b4625d213f8c39a45a087d853
9775c171216615694bea419c74e3a083a823e0e2,44beabb5710040504f705a768eff766a61cd1f64
9d10aff1f2e56e82621019305477df0bcd519f74,4c8e5b5740048c8d9940aac3fbc7f75611126002
4bbb08e8ec774257c2e718ad30db6f92ec2254b9,50002bb9f5b30948d78af386f2e58a315e415d34
70055ea6824e14449e00b4d96c21b0b75a2351db,87c091b503c1952a075454656efa65fd51b3eebe
d9e6d4726d1b0265d93b8c36eea4cbb2e480d987,d862cafa16bf15dc12ea03945c68e72bc24a7d30
2742abf27ff5f143969b60851ebdf4d76ae6034a,05516de6eca088527344fcafaf6001157d6ac97c
30c9d4e33fe12a8babf560b7ac445763524a97d8,635573bab7bb9e6b107b716ad585f0f2539bd73a
6270d0efbd722a56fc62602830f5aee8bd3dd95e,27d0d083941ad2a6e5ea1450be30109b00d5cdf1
8e7e40e337fa73aa8a2361a5a8e0206f3cb6a1b5,2184c24ab5c13f929776ce68f74ecf82a26ae41c
c124c19e7b25c12dd3dc07ba04ba9e3a0263bc57,63b7aa58a21612556107a6877e778cd78655ab92
8bcd552ee8f6075066c9a4a994d63d7c61a35205,d19c024b2b2968e316d286086dceed9fa033b545
c40765a6f8b936907abfd73d9f3b9f321c06d3ba,42a2c4a34c1e67878692563efe9b4f3f09b73cb3
74763a128a2e4d5a364225908e1a0727f14e3475,789aa7b8ee29d8a4dd7e945ea03470fcf6d19306
f470e122806d74898adb20b2b90781abb3b09f0c,f080a05976d1065ae474b73ebe0a3614ace738e4
b101e86b6ec9022e9084b483b2a72a76636e5d4d,94d98fdc12d22ac6c92f42cd8129ee01d6fc24d0
746cf7342808cecf2546ed8116175c757b2d4aac,8ed0a156e4a3675e6cb41d36359aeb98b012d3a2
9b67c89903117318cbe9406c94b82b9d665b4d56,457145e6327e84d3c587a7d9abd28ae169b94e68
6b72a165a09b83f9dccb45f2e8aea30d1d549247,1628cb1931576371e05af4609bddfd877ea7d5f6
7f109980b0da88e7ecbf3c55d0cf2a7bea8eaaba,4952ad972aa2c6ed0f1112be75180ec4aad802f8
f46216c77187fe1323c436986fd2c8b0cbee1b34,db5159023878f24f72fc967560f07895605b34e5
f490d365309f2633f55803671c9a07e7c4d48f58,8eb6bc1a3c33f19e821489ec135fbce985288ffc
bf3e0fe9350026af4a7c1a3e345c313a17cece67,0ed2837ae28405136dfcf97152047976d1e56ad9
cd1ee5f7379d3c21833e44d3393d418835c58542,3deaf58d6a0593d59efe062957da1b05d2035cfc
d70c18ed2cc2a939d69cdfb26e65033ed650afc2,78265d293932715831a86a44d869947f1b05ef39
f1f62c478ce16b05cda79f2547b117bbe00aec48,e4a47ac053a662d1f5edbbbe9124d3241536e95e
6cf87a1de818804d9d41239694b5425721b1228d,0f184bee68ad0e4ca77ba0c332bf0c664866fde2
3aa341078d83ad43f039b65bc0e7e6dbf9e00f90,4f88b798b39bffce672fdcc0f40a5949811985ee
36f7d9975c09722f73a56816b7722a0901965a62,14239fba5b77e6b59b8063e2b392376c8f0b37a3
0d8e84c31eeb1d2c2c738ca1884d61a31da8408c,b90eb429ad17137c7c17982a5a6b685aab2483c2
d2ea69c82776b1c3f1cb1155f1b4ab00e961078d,6c491faa9ca92bf936657048daea5f67f81480d7
f6055e2087489cec6f0aae3c72859312cc84bb7f,c090524babf5bb24ddc6d26c5ddd641856db3f4f
601617c3af5e2ae04504d659dbd226bad775427c,4b71fe5f40ce32696994fc685a501b5ac434a818
abb0157b83483d89928e2e4750bf182d2a065766,74a21cc979a17e7a880d3f29bf639e569c1d2303
2c9df6f81559ad977d0e44a65aa4b4bd21a8fc9a,b1d469b37c87dd9f34b35e320d7e1b857d86c786
2bc956f617560a293ca8c1c2dd9520dd0bc3fb7c,7ea7e6d8c17076c84a3c98fb1688bdbde230086d
b8a3f61586f9fa22e8f9ae0ac7fafd50e9acfb77,1a9c810f762364bfa1580a0802297e10b805192b
55fd24d82aa50e5e77d0dd0bbf00738ebc8342d3,76468d90c5335fc0b090465cd46617ae12049d7e
90e8548ec35effcf30f0eab112d372cdf4f96b4a,b6cd570e26a579677f43d97f7a399408acedbd07
9b8ada7c52feb37aff566d899ef335112c58f2ec,bc3f5ea847c09a15131e1865dfb948c0bef51391
5f6fe12accb9d2853beccc144dd5828f0dc7fa0a,f147213c9736bf9551bc39fd514060a4b5412392
d2eddcd10e15d28b90d37ba21f088accadf3ec12,ab5f7c003bb6b5a2a6228dd41f15769b800443b5
02f0a833a86b3568b69d45a2ecaac1870784fb2b,ac848b348bf95abe9636e562f24bd519986f21c1
1d60da1adda3461daaa1591722f85435fb520333,367f77fbabd08752114f3e8354f5531771ed25d1
8fe52cc139e1bd2ababae14a62800239cc4564a7,53f9207f711062d8b1bc965a0fbdb91b86551e9d
b5f24ebcc9504498184735da8bcd17d8e1e49a08,65cda47c6e73f9e96b13416fd3699d3522185a85
2eb8bba520268464044bee4a7de6426b792e3711,055e116cb378052d427f901a42e34a9d4e70a3c4
45d5eb63136b924c9e47080aaaab8883bcadff7c,007b79b6cee62e345f7b142e497684a1b5c98338
d52016ef621c9bd97c64f5bdc295a357489394e7,324b3da542115c88c3a1479f642e7c12ce9cb8cd
321cac59ac01a20b17aff03a0a88ca274471ccec,0b31c9c3c1925196cfd160db2fdc231a242ae3d7
8135a86835971b8d065ec4fa2036dd9a93a494b6,ec6b9f270bc76093c3a1096e88f1cd1fc779315b
8649e8adc68843ea93e34bf96486f5a5b08cd707,6d2b37a916b11f61dd57b7688df84d65d05002e1
209684bd783616dfb4207c603a8dec0f8aadf5b0,08af90248454ba26659a61f06f2cf02e3b2861b4
ac2068b3e62a3e866075a86a788ed676e9f8d5f0,90babb0868336b1cb2e0dbccc176e4ed85583ca5
bd3cb1eee2c600188c710ce37fcc0d0fff6eaba1,1d6b9933c1b5a5733613f4edd457d97ae87750e5
f38e44b113de8c283edb5417efa729ef07d7fd07,985ba83e0457150e630d2d485809da0fa7231ca9
ab61f3db14ce425e33bc8b2b06d4712c7c177be4,bdf01aa3442bc2e5641e3730e722707b86a6f274
1e6107011333abd19108203bfd1d1ecd53118873,99248501faeeb11a1ecf6e055e051a2f8b207857
59bc446fe9f183eb93a06d38c13b5130a93560db,148b40938a83d9bf81a059581e99a3cc3a05240b
98e2a088bee280fcdec93d253047ebc526226cae,375a44967a2c9e470df474383813dce7514e1c81
83bf04e37788e0d8226c319b04a540fb2ef3bbc1,f7e4f77120ae8258e764cb57f3e95ed0ede4e6c6
76483472c93b11c0c618c8144ff74c5bb00a4f5c,bf231ea58c2851f94fa6d150979d2016f6ced2ec
20b1064bbd3a325ad41edac1d42aca9a64967b4c,e57793670a9c2820d98206995dd06832f5eb7a7e
83ab577f841215c7567934b2ea43b9d52983b24b,3493e9109a4160976b5076fb0f66db14d2914332
c7de76702c9290964c752dd1674a487cbcf746f2,d0380edfe03228bc2a547146c6d8b8fc5fbb7ee4
2043d4b832d90f7ab5b6cd399c9e9e315965d24d,5ca634a4c3d2d9821bc4d91564fd2c945a946a5e
5c35e770656403ff8d1d78b0ffe36ebda89fbdf4,91ae1cb3a68bcc69022a08cb73ed489480196337
7fa915da93050c4cad571703af34e888441b927f,00ac9bc9f78f946fb1d7f34dbbedab28514db76a
ce9d2f9c5314cd494a0edd07c958a4808a0b64b9,b498db2d64957f0962bd3e44ffc159b73b6a0984
e4975f152ad44f9f339bf5a75c4f57da8db93976,cd6ceaf32da317589bfbad64d4bddef1793a7a51
a95395fa69f9b8614a0dcebc9d31b28d535b63c5,4cf40c8b9525a2e675121712899526e589ba3ad9
532ea054b17d3addfc15402cfc7f773a4047511d,80fb3ad2846d0b78fc3a1ce3b3776f1b0558be36
68d15e6d6e7ca0862241c58a09bbd68e626bd32c,61efcd4ba1833bf37a402e98a44e33a519a1d01e
3eabcac6078dc456e65c45ef953696f955ac9813,8046c543eac8ad55e8024deb78b0dbf12c51b85f
cd04759d054c6c78fc302a89fdce9b223088f6eb,a26266f5131e1f212f38b5d45b537d993c16a918
f56c1731f8d3ca470ecfb2ad383fcd2d38a8356c,6a5162d8ecaad0ea75729848d5290b74b94edfa6
b3253b2c67715016948fb2bec7e3b640969e79ae,b370735d0028de4ea93577588cce588157fbd4e5
1e7ff159b7efa553866cadceddeeeacaeb26b7e7,3e83ffa853da45d880b3d484792157869801b7f4
c735da25102201635fcf1562f9ba7186097951b4,a12843c34887b4a6f9ac6c3a37811c0dca14c604
c244d27f9196654113230ef04f93385d35d76566,2efed779c16d9308defcad5439a35f6789251e42
17a5355acd6283d86994af44814c751c72804843,15631f96f64259bf59c5676a2c2e6583b5f78225
9dbccafa9a967e4b5b4e25460160eeefe7fba967,1b53740fb83776d1dc031b1173b5c1eff61139ce
74e85fab25b2713393256fbd50c381d6f146d345,dff7454f92567ed873862ce061fe6fe48c7a1cd5
753665fa1843589e509b7f6e07e7d9053c89e688,a8a9d34ba25be6eae4f763f1eef51d138176e0e0
8c6f552abca90a45830ef9652547b0667cbecaee,945e6ffbbc1718c6a865249a4856c101d33d6967
6a8b6723cc52cb5eecc0d51f8276d4767e1fb9c7,d333e2a091ab2a2549ac3f4d49f2c776b81bf000
2d4c2e973f55d46618f332b305f2940e91241c3a,182482a4bf2540d55a440eed84f54ec557cb397c
b30c7641ab6c47d66440db8113896d0be79ba7e4,fafafb9dd75c22b1a871230cb25a599941036fe2
8a067656c60bceaaba103e15738c5c966f01cb86,3eeac8cfbb93f76e727077c08989d657f81fae1d
2cb7d8c16c4d339ed8ee24cea421fab0b4b850a4,62256812a4de8e6cee6231dc45ea8de496d8b433
873dbdcc9b57bee20dc6d0b6782ec41e46d4ebe0,e4403a8a556d6a099054161f909ffcd933bbd5d2
28a68de706cef6b952c44e60eafe433a4603f649,0d0541861712273980e0f3772e8610f6b5491db1
6ee8eb8f4c3585212e62eda0ec29d0ca7fdbb3bd,3eb69d50d972c9a6a2c68506d73634673d5bf887
a0231faed1fd50787e8a837f1780d4cfa676389c,850f8ce696bf8ec5d25b1db2727337a91e2f50f6
fa502160ca1aedb13f7f39b9451640a976ebfb59,6026cde60e5c3458824c22234bd3ffdab9c9c6d5
2c57c58917340eaf35b0a26829936c2f03cee77a,d3479fda6525843a19716cd5ce23881cc20f072f
8c015f39b3257a81cc6f5fd90091dc54abded75e,4ba8ef864afc2b22cfb920ca5585b1c6f6b3ce73
9da184686fd91f2a1170ba76b7f6a044aff99d47,a030f155047f7d8b3e940b9fd59c17b20b0c4527
c40984acee8631e6c502903cbab94126099e171b,c1d216bb989acfecc0bef4636e8dc0c47efa547a
16c7861dd8876ca7e46d33b3bccf2b7e2ca279cb,c81d1add9279113e4d77aa2c887c28f48be84704
3da218b250fb9512148131819acb566e84fea373,3fceb62ab82459290ccc75a7fc80fecc2497d598
b5e343f670e80736616d91d4539badeb08b85ffe,74092297e9cc1f9d597b578def01325a109a86fb
de0bcc1ac3d7a09da5b7e946d22a40221b20092d,3b1ecda3bd423638bc5776a4c2885cd7a150d3dc
15a16ac0b5e74e8ec04e700ba919018ba1527125,4e0a5cbb866a7203eb19f4b6c60a0812a17c961c
8f508dd4583e42ed0a0dcf5881b426c01a71c0d3,e0ca3f5daee5f4a530f31ce93eedca9322cb46b6
62df2f69a06e6309e36fdc1d1d97e0e25a9a19f8,b1f9acfabf3aa3d5508dde798a28c405f4b342ac
284e69e452709873e643fbbfd668cfc261af921a,7f4978aae21c65752003f736763c201b29db7da3
941ae7f8126e779d2cf9aae3f970f0657004caec,b9d71d1cdcefc229faf060249b0298bf9dec82b9
4e562887c1f25896356ef20620edfe76a7d6479f,8411d287a9711927d4c5fe77f74aed28c7a7ca3e
080b8bcedad43476f580f0af5cf70176ffee0ac1,45773f322a47a0bed63b34de2be60cb9c36e5280
1cb13804464058ff886e548feef90a75615d9952,c1c957efb89f6ae70adb2b37e1b73c38a73d94ee
1754d23abc10206141bafe7b9abebe7c209dd153,dad74dcfeb8633aadcaf8e257b42e1e9e64e874b
6fef804e325d27623fc735c872d01e93c0986d17,6887e0fab97720d1e07ec953ec94099c6aaeb640
54b5bfb9921aa05e4a7b55750d8e601dec8a5491,e43aa6c1eb8181612c9c32d056230a05ef0a1379
2febcb0f4247b59fb422a037ec1306e62ee9c498,911f8eb07820278982aebafe274e8fde399422b0
c612844f88599db67ab2022f6685a7c1d6894b37,986c0f57e38ac1e13e6e89c8a1c25b2fb1506858
b91e6b490b767133a467a2d79d3daa3f0c46c5a7,724c838826a8ad0085ebaaac85bdc7adf68a5ebe
ff78fa08b45951f4a42e49db9d3a9f491eaa3804,2e226be9892581238c257614194b6c39b7a75a78
7acea4e7e4e4e7a92117b0b3e264c1d81489c917,a63d7dcfe5e6920b2014c9bca58e15bc4ced83b0
857c660a314c974ee565d33cdbefcf5a91c5ad6a,4374c1bc95bf7e0b897acf49febc850efcaefec5
c9b46d142ccb491a0c0ae3c8d267641ea878aeba,b5ee97039c2d165d406d82df170bb6610fa05247
92d7d4e13de31c8c0d58739f822453dd0d1defdd,c55c46a598a9addfa5233a8c68cc3f174494c285
552a3904500b08a6a2dc88cfda76f21f5bd1a448,63efa1914563077a2d80e5442fab311a82bce2ad
2fe1885f29e5351438c36ccbd10a6d45f2211fe6,7476ec61e2d466deb832e9374fef0ba4b3033702
37346376577115f0b43aca153251d0148ddb3dd7,1c34c34e50c3b00f7c4bcfc4b1d0690b87e4a048
7e0866e369dea670c449b82c1d2e4f9b177f3677,2e2a7055a28372c2dcb47fd68370a02bbffc4687
1d17f9715dff3ed72a4c761c071491ca8bd58f86,c3529aaa1cc191573f15938ae7732c9d2fe6d634
f0c2d8be66014cff8003f959f33d8bb4fef802a5,42655a10efb9901da70354e28227f69596466212
a9dcde0e2bff9b4ed8e93282d8337ad35417982d,632843413094317edee7bd7e78818ac1567379cc
b1d9587e3ff4d9bcdc4ebfc8a3cf6e058f59a15c,b54b07fc051f86838624f9a030c72b566b2a0598
c2a26bd3dd9947c4174a9ac47e705c89ec7335b9,e9a4c5ab426e2d2d1c8362d1882e3e5ea0b385a7
09d92312423f974c59c7e1fc54729512665c46d2,a2458ecc8a4273a5a42abb7ed6b4b5c98427d05e
7b9c26288d0e686bccd7964946ca0026d737766a,ca89ef37515ddb4f7426ca8d7934780a5f22f26e
85ea28fcbc19079a09190c9a8a2eb9be22f39a6a,f87f2828efe3ab93cf89ff10221bcbf39711f6bf
73885fbd150e14be0b1e01b3b20dfd547282234c,7b3398100a7d5c847289300a7c1d6daeccaa2aa7
18bd4c1bfa20a71b784d665de41419718566ae93,0406a8e585bc41fc0365754bbbb766c73ea2a039
f718d60791bbd8236c7cdee0d1058026399cc4b9,af7c718cf766e28edd28c7a553413744e48d467c
5c08c801d71318ea2dead567b9802311b4bdfd73,2d15acf3ccd4904f4fcd972a2629c822f384b98d
3d0180b3643e8d5a3d6e39f4abe439d40efb83b7,798c913f4804064ff171882f2b48b57c7dc25280
ad4c7934bf75b2b701b01587c17051aa3636b066,79981cf68e80afd06fda48a53147dee7eeddafe6
3b1d6f39d70c4219f42a70af38a9da5ff2fa6d56,e28d769f80aaa3ab39d5590400a53c03376af10a
de4b9f6b03c6651e874add9f880f98d631a15ab1,a6362e32b5cbd89f1726ed9135bb48b63268fd3b
0c30dc57c52dbccbabbbdcced81938f157721b09,1de20925885fb20e48af105c214d2b32b57cba61
bd22cabebb98dd95bf390f355e2165cd8a77b125,83c7641b26c207e93253db06bdaa784999669654
ce2189b97e062c58008064a462bd72b3073613f2,fc5e488e53d6ff20962ebcf66b40df50fce53525
9a11297047930f5084ef568cf248f61de77aa164,3dabfd35d433aa44c073841d8e40fb75c7dffe1d
c160f46b7b97095e8a0431b61da96a18fca4e02a,ab66276401612d1fa4b3938bb5e747635501a4c3
b7f4570022f43894bd4c1dcc8ab255dff2657318,8aac4aa0dd290e981e714fa23718363486f4d4c7
063181c7629d0c891309ceef94eaa593fefcfac1,1c014c405bfccc920a9ccfef38fae890b06e3659
07bb0fbff23b4e9bdcd43e6a57d019c9dbd1a0d8,c77a1087470417ab9258d52a8663525d16208a22
4d69ec1645cc958867d734c823cca1f4cfb47d71,686128c9d0c94374e86023b6d6dcf4d16eb658e9
dfcd77a1ccd7049f84e5ce3fb33cfd479b12baa1,f7cf2cbbda781f0ba562126a04abd57024e5e887
850579316c92ccca467a525aaf8d439b90ddbc96,2aeddbe15a2b79459accdeafc03ed8d185936e38
3403c4caa656c6eb89b65eac258d8468f47ec130,338aa4f4d95aa50a835584a6555851511b3f5560
64cc7daff9e8ff22a6438baf8d58c4b209cddaaa,e4fdaa09ef301ec0c77a4934ee17fdb6e3b6c6a4
9dfbe424ad715c7e54b9220c82164d2852bb3317,7ab98e190635524a45a4877b5b97e98785498ad5
cd93faf0763da3932f1299940e000281561348f6,c6aa55f8dc0a37b6891231e2b08c36621737a0ed
0d3412bfc8ca797303c40d71b663976e03f56e06,774836154c1b75c2e123c5503541134ece49016a
92bf795fcd30eeb4f4e098e2b065bae3c796e529,9e4e72f78a7a9ab5039e8cd7aef5ca48022f938e
1cea654fbebda9383c395cdd75ea329b73d7f35e,fe4eff381ceb312bb3faf09aecacb81c57319e47
41f60cc9cb7b5177808a31dc3ee161039631e41f,39d6fddc60bf7c9ac17f8d90315af10894ab6c25
f9479b0c8939d24ea4e1a8dab9f40f9e626ed31d,3ba50d30166be9d32686ef7dd8b879822a0148db
654b487535a8e56e5766d0c301ac387274187819,adc0862886a26dd4694eda35573e32ce98346814
7d7360d4c3aa29d83084980003656fee85534c23,ffbe33eabdd48f7e94339b357afc94a449153e23
9870a437ef19a740d169bd128a449b9287176d24,cc0601120193ad3dcd7bc03c19594ec488435a1e
b0c7ec97ec6b798a4bc259d87a0af3a38acd668f,250197ba2fe111ba850440349c0439bb71403dd0
880b2b9cf735473cf46dc07ff4c13a9b87dd4eb4,668b8e7a3fdfd35705bea8b44103b639373d3105
1a23f91d5de295726139447b436fd6ed52eff802,5f31f2692bef913701ef5e895712def09b0b4f99
d987557041f612d1d67e3f48eacfa0947c80a8b6,8acdc64496e0848c2ac3edd9d2b33d6cd99a5f73
429f7db77f9ffe5f7524ef71224383284b1c88cb,b6a06024be0a4ae0a3e9fc961c319c09d4b75195
4d2e02fb8444074ed6517d318b1e566225d702ca,f4c8185f9b9d024b8c36241d72654e24baa6feb0
8e8ac0b317bdba6519f67b7a5ab0e111d113aa1a,cf00735b594e55d38c0918a6c6ec8fc862be21b0
13ff32f47c8d66e4b30c81dc1a5d12a903579d1f,ae363c8bab2ba3b3cc93945b85972e721e80a105
156e300bd06388c9728fdcda5f3feab86f4cc3b9,25a135df88459966597ff51278195c996effc70c
191392685e205147d524c654a82190902b20ff7a,98a05316eb3d652516e644e419daace4d0da4c05
b66f7dd79399ee671a5643fbf80d852ccfb4f4b6,9990e96b791cc968c51ffd562acefbb3091dc71e
4a99833095060a63b0ee6ed7da4788070a1381e2,50ba420426f44df944661d9814e401a2f0464dc7
3170935c443fe0858f1292fa7256e1c83545645a,bba8276a92629995dec91a74de9833e097ff3837
b54b62e0c09fe1c57d66f06f2af1f1fe07919066,5583d568ea71e0c6a8d978216d64344b6ea52baf
595a1a81a96693c8b4d85fcfd43e77d1a3843a89,ac4807db6894864203aece630da905d1f71eb44b
34f8a0ab4c5a6bc79c0920b233832f940838eab5,c2792748e1941656a951df79348d8a108c2c1dd1
cd3d58ebefd698ed33b45abac0f711c8900bc119,c22b04906014858aecdd10cdd8cb3519cd9e185a
79921f67ae9faf9a859a8bb092d81a7d0b4d7a9b,a2b3c7f25f8afb13dd35624474e32290f96c57ae
2e82602ee06bf394c8a89dcc38f595a4c5be807e,bc138136ee0b4831483f10152b4a9e75d10f6654
9b99d2ebfd221da51c6b0a674a4eac2adc2e3a47,7b3e60dad4954fb75a998716a86fac7d723f673f
5fb759856f2e9bb646fc6d04f9d71b131ccbc166,a4a2ae7e5271c6cb1270f7fce85148c015c32711
e39b07e6f11013edd97c9bc8eb1766cbb0ff7400,01620c431ac81bff64c87f20e1c5319bad415008
350e2bdc1fba7e4ac6a948da008f14f032473bb6,91be0507086acd6a2b30197248459e79bbe49e43
968d382c845fdbe8e587615451a7ac43232a01bc,ffab73b4dfc19fa4b39f7cae0ad202ebf926e804
d7f4ed50fb1ed1ffcd98fc75491835283bb741e2,402058609c11e0f1982b92dbb0259c35a7c041e5
2c578537555fa41d8fc60f294eca8afdf4e3c926,e29dfa62ed29fe1176e991cceb42338a275d0f04
91a436d42f1e29ccf8d70aa02387829947ce6b12,cb4edd8167fa405e17359db715b90a8f2dddfb08
8ea14ca2ba5b3bb5ef4382ff6c30a4601ee41098,8b80c6141052f500725b4551f4e845bd40656506
78f0f0f7f3be2fd74fe9eeca9e1d2ff3365b5272,908a6c78014e2bcbe061d8140a0b60d7e8bdd7b3
42613643cff846964b287a52a5ab5daee17ba6ee,c54a09196fdccd2e210b7b903957c6f3312d78bf
40e424c2948d9ac6dc09af0a452e8c1892f0c4ff,fa80c93e3d7e9eb9bdc6f8d5d932608b77213325
9481e323d22dbb155728f2e89154b887205d55d2,068f4feb81182d9b5b4d415330d90d7841144d3a
db1c64a26947315dc92ac059af532d494705db57,3c0fada98813be195d3c8b4cf32bd1eaa30f996d
0b137960055a255787c3214490700d7ba5f1f210,b3171038d5025bd8206c8af3de7b072a7cd5b763
1dd0b8eb08f35a245d4cdb425ef95582f58e8aaa,83e7824e5230ae9951d6ba833505c468af9d8834
b3adaeeda8c40db968ac7753e8265aa61ae74969,8ce05928757f0d2cdd4b84279c1d6710fc25e086
4af5684ac5a39c2f4acbfe08c8d30a643fb41ec9,02447fac3c64106c4b5696b95833ad682e0f4db4
cc4475e4a8651a08fa10ca19c46bf5067ae4553d,74e490ee9d36f042da7f7466608cc5328fb66f0d
64113eab0eb0a30f3f23a80d53c4d0032671c178,49574415d8bafb4f9c2f9cee6b080778eff17999
7a6fefea7ae762448cec1df75c9357a167adba77,c235f49cfc1bb679c2699ec3c21604d90f1637a8
aaa40ce9f8cde17535db77fd275677604db3d320,ad879b8361d2ea3d472b8f014fbee3ae45a5ba91
f0fc55c768e52a35ed666e466000cc8210d158f1,0a7ecbfc8c355894a2fd88ed1cb0b9edac0882d6
c3697fb0f3437a670bad8c7a5d8125415b65cee9,9b07e295852456ed2faea428941a9eedf4e6d049
561b5abfffef8fad541f1f1fe8101b6804959b4f,71d1af22bc3ce578f700ff4eba9980db538532f2
1877f67e185904c3862ac4ec1468759e6cabbcc9,54cc524f23d422e3a4a22cd60c58ce70fbd11a98
01c42aa3a09a96cd8c9ed57e407f27c571b2e953,cdc4026a63ddcfc2e091b98d890ceadb036bfa6f
26ea7eb296dab0fd6b531cd846b071d6b247fbea,45555df954dcbc136923cf73815f558a73959b4c
a33243864fbe7691cdfad1a692c966d8fd58a3f1,d462b5e14f982ba590b5f580a39787c467992880
ece464bed3bfd039dcf5839369f1dd35c15afe01,ae0534eff7b017e52ac95eb24f5efcfdbf64577e
44e1a012cb2f12bfc34d1729421a728bbffc5bae,047c487c284d5d8211596a68250459bc941de303
9a4039224357ad5cdd6b60042ccde4a56508ac21,429e107bcaba2555d3d61e1539b7e3f86d4011a5
0192ef248d92f066615beb8f413069d4af40150e,919111d2b5d4bf02d0245e8b963446168aea9356
8a100a141789888e29e7f99551f368736ef6d901,c25886bbdec6da872929308cd34bef5b36c1db33
ab2c80b2dac51dc5b0ae1ab4bcb6aebd21f4659c,f8853ed602a28fe6478da4ad6bd90e12b3846587
afb894a674f0fd0d3ab4b933d0d9d4df6521a728,35d327e4c983ee4fec92841e413f67dc1fd205e5
737d1d1b108fd87c85b1adfd8c116ec18e679093,70795eb53da4056090094f5d6b9c9e5167694731
368816a2da5a1dfc2ab28f88f5ff89e7bdf32db5,6ad022fd004d6939a02dd221bb6e63cb6cebfb30
18b514ebb9653bd0074acf33033857b30c29f4df,426c41130e03677e24ab977366a79383d5b8c8df
82c28ea72e75b559151e1f0813514ee8183dc959,36bed5d38d67ec444cea6188d9495d07f55eabc2
684247e4692a614f1a6e91f6534f0b973e0e77ab,74424a95b61244c5fadcdc16c1d54c6770e20f75
d4c86ab5400a0e9ee65a27394033f13f8b4497bb,530fb34900e7152333b5036beb8172e51a578937
166c237ccf0050d2c7c1c3c21dd8bdab94e9374a,06a528f6c29d5feebfeaee3ea3c34025d4dfc2f0
5aeaedf1e8546d2c7aa9658ad3fb17cfc2aa3f0f,c3ec2744b97a94197fbeaa3c24a2032eb67b959f
5b6ade8ab14fa783f3c45a4a8d79609f2c1993fd,f3265a9c9e873d0b40d3415b1982e41273dd6e1b
b17510cc90b78a6bbec912c1e7fb87af8d95fe04,4d7ca82ad1490ab423d2e78c74179a6080692362
df2970f5e7b0faa6d53fa464de72bf0eb4a060dc,c116e8dde2920c54bf3fa9862c03afeefdd019e0
4637f21434df33bafd089ec860fd85351c0b9228,693a578943e2d8e6e1a3c84dec1e0f4af6e76e75
fedfdeb383c1d21219906122795426c39b8eb76c,cdec50378ba90f52122d4cd7fa2397fab9f2aa23
51e4f82e1d3948abd1cb3380eecb12a8a9c6df30,090d1c8cd8efabbcbd55d63aab37c4ddcb45ede3
68a1ec09450da1c3d8690f636c4197c6cb09001f,5b6e3b578c10aece0530ca230abdd0bd9ec68d90
1c7a12cbee825564dd8f16c0a7cb35fa9d894d75,a1af7c8ce3612ecd939744d037bc98913b8089ee
4b581ae7edf2466e7306a5abfde17264243ca599,222c5ab73b32f3fcf93065ed8b16d20447cf61ea
689da5d7c02ebdd827dbb5eeb03f34cd613f3ed6,05cecc22bcf637545b465713d6ca71c0449f2c3f
cd5385c29a55e5c4cdeba22addafa96d06cd2172,f329208254803de24ea0e4d7f58c1e09635c971c
13059e87938aa116f8d9c62e72fef584fe4e1e13,af984bf792ec6093fc3b90ad6e1e94a95f27427d
11a21bd4098f658a8dc4cdab10d4b2b3b732dd80,375e3c85a84173958dd2989541f376acdf79ca7e
e9973e1d39f8dbb3f1e29a628bfea8c20000b9e9,9b4f01656fdc999a45d27e5d507cdb3619d9e825
9d7af3bb6409be48f826c88abcf2130e4ec971f5,5c618706285dadefd7726c7c167ff911a842dcd2
b47203df6f1c608dfff42218db74e674f1ed3b51,a9642d92dd1b18aec4078c0f927d8f47d65edb1a
a46269d7858d695a718a1c93f88e1e29a5e1292a,e68dbac0043dba8d63669daa272b0bdc2cc10a8b
b3465a29894c09b7a429e3703f6d4ef609ef7d5f,7a51aced80742a161e95a9715e403c24b0ffb84e
fa7905d8397719607cb8926afcb6ea5f151d4aeb,a5cfe3fca28f36758b7d5c0c5fbde98f4b472639
e97eb178dd555da5448bc3b764352eaa02adeafc,00315d235b54cbc30cfb62b46af13e47413ac6a2
303db9608978b98e8227312b831d9af5de1430e7,e9d605a6aa7d526be015eb2016734f373c68258a
d84d676c1089273a6780a74b9f2cccda4c8d9479,928c9494a10712473f6cced806ad304fe7404b96
2af5de9ecc6774bce2c8d80fe7134cf55c4492b5,41dffe627dbf4c249c7552dfe519a78bbf4ecbb3
862191d0b2c81bd8469f1c9bb02a954909339564,cc790f8ee1f6d1eaa962ea8399361dc722ebf72b
beb8a0b2a88507da0bd23faa4116627a160e9b47,c0e49c7653a03cf40105add877ae11aa99d55691
e2367436b0a52cd42d8100030ff12a0ef9017ee3,311bc45e26234fce0a0615895c64e1ec0c1ca640
c4bc2a5cf58e77944a69b918bce46fc119530296,8a6ed57431116f48849caf5db28d0b19c481245e
65e4690291cdc7a1873ad0fcbee8b295abd25865,9c045f541386234ce1d4270367741a38d34cd622
969b407288f9aa806bb58dcc96b80247e3a8de1c,dab2c63bef40f7155069d1c67178fa8cd49389c1
e0df45455dbb8e1e63efdb6dfe0ca4f3f0f7c84c,2da59cba7c0c1e8dac4a379f06c4b79bd7914f3f
27b4efaf19315cfd87056e5e0fff9160767500a5,912f0041617cab70ea5f74130d590ccae0f8bac4
8257d31666f9885bb62cb1188b2e3edf73451a5a,63f4536b0752fbf628c6e98ec4322a5ccdbbf39c
992aba551608fdd3ee69f922e6eca9b59679b73e,dcb498682196dd0fe88beb9232e4a07363f9cc9e
a6bf1b5ee362a350c385048943da3bff9d18d03f,c1e4e463f84c19569a9f53081f0d76d8dc0ff3d2
55c8c4eadc2a6ccb1f14d6522860da9ccf026500,be6f35a139a50d37066705f416ae34d21503cc86
dcddd0bbc4b7ae63aef126588c5c0b5f601dd257,ab196a09577859511cd484bb9fddd8730d7c8abd
d768cd799adc028ec91fadd59e183e2fd7c76bc5,1ad09a8f56a8efb101c49088c94d87f7a97edd51
52c5be898c71e61f4578de8144c64cdac76cc0e5,adf961725442510331cc66d840df023017b76ed1
29d46afc9dda3bf28370b2346371009032b4fc2e,cc1c8904bd56accbda7f9dcf07c34ecb388b6e03
fbbeaedfdc3d61428b2f4244d836cc81292721b5,8f83fc06abae5fd00a945acfecda6df0754fc604
c88720413aad2c3a5b4d455135a758d95a245bb7,8247bc721388f8c5e156994706101e4418cba5c2
6f5b8a965711c38eb1d84bbd910d19d8e7ed6a3e,a442d5de474a0af6b2807448fdefbc41fac8a8b8
92ad19be322f030429bcecd7679d9aa29f9bfd8a,a1f8a860e6f19b0d9953bc60246cdcf363654de3
1893dc52720c5e9401a8217d6b128b8323f57c82,425e1767ea605e42a8469ee554cfafbc1f613097
2043542339afa00d5bdfba81e40fdbfba96d129d,339339793d9547b360235e044e66a3bda0edeed3
9b1f51001de367dad1ad031d7cd3cbf50aca484d,766429b3e1646ea43c79092cecf9a2da520d9092
b59df3958b488e6c2aac10e425f1bdf0cdf25fdf,d84ad8a77b1b78827537eaa19f4b6aa651152bf0
5db74a11d3691b2d4c3244444ba30eb86b3b8b92,d7ea0dba341b647ca579dae52ee83f15e1a104b4
c3a1410aab7ee76ddf61a60041a9e6080ee6dc98,49c3b12eb707cf672d779659f451140f49e36862
a83902249297e77ea70dd83292437e283919653f,7eceea286acf87f01ce41481f90965895c1a3cb8
e5c754b1af9d45c7446c0cc3d9da189dff7f6e86,008548eaeaececd02a280aa21d1866779baca5b7
1a1a4a0bbe2789320815dfe2d20807d3cd375ac1,e914b55933e88c7314df8bfa3c596ac869974973
fa49fdde538209d5e8f628c8d8b99161e185e8d2,681ae922cb25f47478c8431134877c4cde10aa65
899bff32c16a35ca8a53032dd18a53512a75d0c0,4fa88f454f00bf62f691a23e8acfa873778c312f
26deed016e6f249cc284f5d9caaf983844d36b84,bd40a2fe487d77a11f577f740f23c6708b29e5eb
50e96f12fae020a9c05660c25f39de4cbb89fb38,a485cc855763c612c29d1c42909438c72d9ab1cf
151eec1ee63b20b91230954444648ec4824ed289,04a36515fa5ec59eb0e6856fc8a658eaadc6c244
bbfb62c78003ba623642bd7b18e5524b58b643f7,401f1e508e67d624e1a3b373c8a29a188e99771e
b45c5cc5288befe68f25682ca808cc21b9b171d4,b70bdc403cb457bc2dd09bb768c9600a992ea0f5
2439eb313987bb560fc761a841b9d7d483c478c0,acd5046727c415927cfc021f6ecfa919d194cb12
3ffeb4536359fc66a965980b4bc0cd3c0ae7bf0d,c8213c2de24f20dd14e7b8c6d5cf648726171a00
30696c5ca77bfc94955c329934f3840d04a978c2,30444c1cefb4c12364464d8da693927e1f6c4702
ce7892bc1f6a5c3e3fdfb98fe59b4b2fd26d0361,2b853c4a642bc795ec5d4caa28b88d94edb26cb7
8f7b6ce26b65e08d6b6f98f8d6fa82298154face,a9adce907e2374ff260a33e478166eddd7bc6160
78af4327737c01a42d2801cdf843d46c370d1bb3,4a75dbca0b5cc00c79d66ef6e987d4089d3b0f60
d637f31950990a325b77d612c65180a9243eaf89,d858b85d9665e4ad83fc5a8143d3d52aa954b415
991e252a191207406023ae03d04173458cd1ed38,71f353b75ef26f3146f7d536dfe011345f627ae0
7111259a3762c5bb43ead5cb2d72fdb44429b57b,db2e1109b19fd8a54b1b638da343d3529d6605f9
bcc56ff89ae2916078887587a8f96c2950843971,eb6265555d3aed91c9bed95de7e38fbd49e9d167
be29c87cd5af2bc74c042afb2d38acf78b8e894e,334cd8ac68efc69b2caf04e66eacc1fa1183d748
446b536cabd57971dbeeddd6594e2e6474d2b3db,d574ceb40ca2a9495eca6eb5228525351437fb20
a57f2baf0c3ccbc3c70f5340bb16f7b3d4d89965,7fbd368a732efc7902afe678ad88b9d073e4a343
f26e669dafaac3159522cf56c60042c460c07813,4dd6237e690ba243bb7a0cc71e348603f866875c
e51f721d371a0e018f46ac69370b7977902f16b6,a361c9cacb2d093aba9f8b3e54b0632ebed605a4
10caab0283fddfab346b25672019838f7a9f3179,0451cc1d1f71faf0b099f711e4e714066141a9d9
f82c6b7ecc74a606fc69c6c96117eb9112b53b9d,f19387434e0c7a6da0c2fb996b979dbf0174129a
94c1fce7efa2486f4151e557eb497a2b71faaeae,4c8cc65ab51368d836ad3b6c712216dad8fb3ecc
7d3ec78cfaecd9952f8618cfcf4e5358df5992e1,ad9efa414a0d9a150b7774eb422cc18cce86b7b4
b0a8b1a63c59f74541add5724617eac7a0aced18,bbe923e84a3ee445c542336f8e73b7f7be50d0d5
daf9d82cdcd65479636d5453704b9ef716429cd2,f9ca6b4477adb294996f0ec71346853eb1ee7992
7e09dd1d73a2740cd7f925b7dbbde5924c6da2df,baab81d07369b95d4750876dce3ebdb4b700e99d
bd9497855c3c90bf21f4c287094d14db1b115585,e9f491fbf11881a0c263cfd02298788baffc4616
24a0269cef3e50706d20a9d8a37c0391dde5d79e,97cbf612b2e79199683fbebdfd1ac4ae7feb8fe5
09ac97ab05f87c33fdec709caf40226af6a3b36d,3295281abe67f1c83f14aa04e0660256d5c7dc72
810661583b7ce816d6c2edccf2139631f39ebb75,88f875f557595228090310811addf4aad770d9b8
faef928b1bef4c0ad8e4b858970ea365414b58b6,0c30226870a8b5bb9d6010728b2f147faa54dd1d
60dbbb1a828f023224384fe60d73fc53b51eb526,2bf285b85d26b4bd01676e673b055648291d1c9c
f8afb86c6a538f514e32cbe9709ee47d31b44140,b56fc4f20e98d75536baec0c74c0f3293a831722
4c61e40774581be337e97e7d927a390d9055d1d3,ba29f8560ad475f9f345858ed6129e0f0bcc13de
1769d02e08737b1e8abb4e7513384f3c3b164b7c,4755aca09fd101a973ebb188bee16c11f64614a4
0fd9a23edd45759677059a468648c1cb016d8c9e,b07cdef8a670bf06b91576b729fee9eb5b76b748
6c8dabdc953352ddd9b99cc706d1242ddcb15ddb,8fd62a868c6b410e1b56ea8e7005f696b29a2250
a39387cfc8e2146320a840f86681544a168406c3,fb20898a7740cbd9798cbf8c2f3645d4c9f9db4b
7e85b4bef10ca55baa8ebce66ab33068e083ec2b,4fe841b4c0860c83c5b10d067b45aa6a79122fc3
79efa2ebac86c787b620e93fb829319f6099522f,29baa2da25b1f6235063f5c4d116ccd1dd9545d8
7bfe2a9f04b3232370bffa4fdc82f8ac1d4f3a03,20200e9c490066dc3d01ed3606c9dda45519c4fe
5a6d498596f5b55cb5af897365d054117b49ca71,90c1736e4c7296a206705a0e724f8dfb865c42c8
148b42b0c92770c3757eae5a042573edadbc3b8b,d37ea0ad76d12f6a840dfa0093b75c9430f53c12
c173123e52bbc000edf0e75d0da95fe707e68fc7,fde08de5d45329b772e62dffef793ebdf890fb21
37f7b16dab8cee3114d4a497cb11514b5fb740eb,ef37c72b9d4058a44e0deda1a68731edc5711758
f71778eb9cae256fce6de6b2d8ed7bd43d4f2a62,8cd91b8b9b1cf632c64f6a540d47ac3ef2d6662f
c3f081fef34bedf8903072c913fa63bc5ec98076,52d1697b7ddf8a82785c220f9d55c26aa18e9f76
fdf94d560262ce58693d3edca6d38c526dc73688,63b1d464146a8cd27bd1350cf80dd6b66150013f
037c714ea5df5143fd4bfe18fef249b3732f68ee,415030e140f55bd713ad60f54f2a987145124437
87412630c1a7521dd754694ad0532797bcfdd45e,a114c36641a1b1cf2d687e934a9a08ca61ec8177
59e97b0201523b20f20a04940716aa4fce57229f,f0571a714e37a7bc25e5984d17f983385ebb4d4b
1b091bbab8b29474360794f7c80c486468738581,c339fc95d07984b2bc923278dc5ee352762c5f0b
70d4d52b3cec904b0ba8abad1a45cb506ae91eb4,c6823c89f6b77224a74400407fac67322e60f9dd
59a0069c413fdd8c084cb7e1e4daf5684501c5e1,8b9c5c14d538f62006da59e364e65a08cea80b35
029075c0afc5d3ecb83c724b202d4a5ed52e46f6,989d579eed6464f55cc83e6e87d5cd7c6ba564b4
8f97154cac45f1066a0c0f467e96fc2cb42698d0,6090014eace35642b0eca8cada4f97a1e7cacad0
54e44e56d2b124810569cb706039b551ecbda7f5,b2537df4a121f0c881fd28558c393843f310ce26
5703dcaa1debeb326c26216f3618ef4d65460694,0a40514c50a3ec02652bae899a1052fb3544c1bb
67b84d644836ed509db54975553ee95139c673db,1a41f5990e353c3212507b3ed18666da0d714bad
1b8cd7ec9475686e2352dc3e96d431638bc5506b,85a591ec5a08208128ee1f09178c2c223c609b7d
ac66cfd7c6c378af3ecbae2334b1f5e9eb850503,3e60b655ecbde5b61c74e3aca07f4cc5cf1c459c
546dba18ed73323654b7fd91c87e42da8029d084,fb22b7a11828b6cd1c2f16de1e0283e4a656f84d
6e2c0e01d735b6ed2418929611715a9b79b0d8ca,3842b64ae9f2e5c70352e5a20978c39fc3151031
c21fcd40f7ab21f329f2ae917e1a081c2001202f,333d84321a55014addc8d588e717cdb02b1dcac7
55083bfcbe1037c7bfa9062adad6e11a857c7278,b0912b20ce0b1d75934f54592ec29444406c9921
c2dee9bf9da7344d976f9db88fe8f03648566c96,324b74dc816e73995dcf6d9a1b6d32b75ba51321
43e4826ddf79a2bec3c82110c477c7f093db6a80,a94749d53557cdf77b618ddbb397ab2af9a24a02
885664f1ce13428b7d82e8b85e61e60004253471,09cfac1ed19e0f837db42745b2350ebf9de12f05
996b8388cd3dc728e1cad7e7bb95cd18d149bdde,2ae8129f95858f8f54ebd6c74cbe9d65355fe80c
b82972a9ac6f864c879c7b2ff3831bc4a69945a5,1790be3e70e5690a30aa2d4305ffab74c507709f
53763b6c24c91131f10eb5d77311b849a3f3571f,5ffed0e116ae0fa0c4d4119ea7d5b519c05247b6
8e204e25c0e84c4a0e46b92bacbeb297a64f0e54,ac0bec28c4054aa87349f8a6481b79f5dabbe165
4e7225d1166f6b2d29df5cdfb8a61dcfa0ed90b9,72ef51205ff3db1e91ee6a200cdbc17b2f99d35b
7f23cf8ca45267a315834598b85222b12b2850b3,16877a44869a0a2b6e2a9d04c3a3644e7aa29aae
653fa40adb65f824986daeb9bfc60b17ff0ca635,933f57b9efb67f74726adec7a58b5503b0297551
ddd4cdbfdf4994acac88ea91e31e0dede6865f02,e3578f543684fbbe4c8bc8fcb67491b91dc5488c
e1eefe4b666b19860b2f92a0a732a597c800b23d,41d7eb242c86c23691f33b2a39dc519706126b0f
fcc56b3f8a3a15877ce86ab6d134f03442312d30,7653cf3878a0b855bb15dbcff698cfa214f1b2eb
d53ceff01b2b4d17facf7a23fa79c4c4d516c280,0a73482bda1eec019dc3d468329e08423ad23482
fe9b3112236ed1e8492e21e933b237ade697ff4f,1eea0a5ff1831db607d978da876633e78f71653d
c02f3c090e7617a4b7ee1e5cd70b979629eaec26,3fb01072b03fd4608fcca75c8c5ef5cdb05386ad
ec6dfd267feee377d5843ad8454544270fb86c33,afb74c6281f6febca491bd54e89c77a9412c7a5f
09d9610de424facfe75217821c694cce0a0517fe,e2e41ade43ccdb4a74d7ca90a0b2d87572530e85
28f5f80b12293b629e5f0869b1ba584ac20ed6b2,3554c80434228f42fdde1eae93bb3f251d9e4371
0fae40cbc08d8045218dbc36f757bca5dca95b0c,b5ac8e32a4302e623f2f8aa2751f0a17c6bcb752
1609dbcb8c4939126fc62987fe7ba85cc2cc80c7,68a9840547af608c394e0c7ef9720866e8c23346
f4b342e3e530428fe29be0aa29dd2db51647102d,eaca664eb97649ca79e1227d8cbab0843729785f
8aa4951b6f4235e1f14b961f6ede28b98c2651d8,bb04567b28f180d7198ed0cd16a5c7d8a690f6e1
74e88e092b7001dfecffc87ee976d8c2c01d5c86,f12a857285883e1855b34f34daaec60b11f2cb76
9d072662a80e48be750b092fd6a41b61ea5dd154,7b61d8bf14646249924b9dba59e7d4807b2412c8
d8bc63a731155f5795e2fb7d5e5215ea1d6b76d8,bc6c36aa34e174bc0dabb0d62b5b8f5faa0f8361
766ca17d6408f8fa65329dfafdd2cd3071df1980,21ea2e55f940a0a7509601ec882329c13f878a81
9424afe4f0be99c8591ed9b9a1bc04277c1c5f8a,1184a8e966ab8475b56eb8986c0d9812fa6b4f13
575265eb22f23bcd06203f224560e72675a614d8,562fc9ed08e8fe8ec2e54041db2963151a36d415
3b0e4e491b6d9c275d979d9e70d33ba1dffd4b6b,ebc1587b3632313b9a8754ff73d80053b40d0dc8
68094d8608d90806985a340c228b994c670cbfdc,4852787a9192b7527903578f344c1406fd3a0a69
8c949ce6fbcb02568d1d83b61fe5159f1ccc6a64,3245745b33cc2e883d67eefd9c69d23c7c30d045
22feb51643868f5035433dcc96c8b559d0ac176d,d648df37ec246834f808286b34747be2878bad8f
95acb7ca2ba07f457ee61e728f1a7b40ecdf82c8,8bd0cc0079a73550a63f2b4cc7a2fe69a1e1d5a4
2cb07c7923bd349cb8cd74902ea881394377359e,d3a2929d32e4acaa818e21f7e7389c79d8a5633b
5c6e73a16184dec1e03ca726fcac5f4d15f4f041,ed4fca4c6e3e0d8148934801c416b0348306f374
a527ce82a24b2d00ab21a267164c4ca96c44fb9a,0e3ae0345ace80154965f38b6255cdce48b1c83b
11e885a255b89f5bf90514a3fbc6af530c813baf,9b4d4de03601f5f7c8a2c1c265fdfa567076a72c
15c3d39d6042218778d0973d3360311a3155803f,f45f5687afbf0a04f9b140c89a9ed295fff43937
77ed73224f7364a4d613052503cee78c92956a81,00540a84667a1c991f54dcec28db1bdbcd78df2e
ad00c7baa1a8f7a4bf4f824aa4ba93f0a4f05b97,7df989f3c599405d86f1bee99d3bf6068827fdfc
bb2a4149980bebcd01b77ad2a37a7ac2411375a7,e1d08ec70444f0b5b2fd1068662509a41fc2461b
fb0ad5e14b829a5f16607e3100db4acb64b7d572,3f6f390223091d3f41b34376e495b0ce0fc67bbe
815b0941ae751dfd623d289faee42da1dbf14d57,25a32113e0dde96e33a22d56c3d4fc4c7f2bfa03
d00fa28cac7e10cdd670b37b3bf6589cec812c4b,5a0bc00ac8244d7ee979bc2d726f29e7ff959b75
27279cfe6122661086512d1562cf99d6c62e08c0,4d0162f0239f80e2aac2e46791be27d943358820
437d03033e1afa0525f82dbeb13d6045b2452870,6c662686e1090fbf70895f7b2b8b7a88137fd3bb
6e15dce8df89c46ccbb9c6531182c34ac265729d,6ae320ce88c1ff42f8b3a2ea5978abdba5ad8172
e5bd2128c56950970507ae5758470420d4c6885f,a54cb25522e3a81cd9a4c4f61237f18a67b540cd
abdbfe9ddb0f286a76de00aa762e1eddc47679fa,7883a0d11871fe6a1778b6bf3a3380848c71d7dc
6baad2dc307f104193b32975bb3199b269a7f8ea,a5f9d2ae66eb63f6b01112575a5d8c6857af2550
df604db542ef862aeaf657dcac93e4b38f739762,3473eb484d019a83ee79a9533d4fb4d3dcd274af
a0f82371bff02cadecb4a3bda0c912552640a9ed,4df5a5074807e2c92f64fb4cc83ae4e688104ec3
6911198235063da4f39604adf8ff37ddb9ee9492,4535e9f4621889b463935e4c259ca3ffe92dafbf
0a476e2993c3734c9352195bd58695ac53cc4ac6,7dacaaebfc0ebea3f02dad42d140059dbf374524
c220009da10d4f5371f9fbb3c68ce999929841a3,24eef438da3c82aa3a613b35ac8c58193e4f33e2
df856d7b26cc39f2a28840c1f6d3c5e389a1b228,f2446e310a92b234393421cf8ccfa795e0a694b4
2d0eb06b2c9ead3e185b34d4dd49aa4543c66d32,2849680c4fbc325bf85d392c4779bc7abfceaabb
c6f34ef9f35b7f13f027f21061f4a53a57e034d2,e9d19e4d1f7f908e42431439123384b1b262bda4
ae49972b6ae08155ba14ead1d7005c6831e2a9b9,5eae8a291838d9cd43cd76e5b8b513be3bf99fb4
c139286f7fa0fb6a3b88c8873277ae888dd25ede,572af2ec3e136df8555307e82499b001484000cc
8253b692607637ed1b8af3ee1aa7e1253653daff,413f747cb62537b0b4b80c3d162552afbf63c3ef
dfc4bb44f77f7748ad6a6a7e9df082b453da961a,5c41cf6765fad08368d007ed43dbb4ce031bc825
7898da7ebcdddf8a4c7c29d169311c87ae13a5d2,6782d3e4fd31de96ca175bcc220b920f3f738642
c662ba2434a2418cf37fd11442154b5dba407d3d,a49922a7a5d8e2c10a35164a43ff2cf837f96f88
27a18053a632dcad61b0123b611aa05ea346728f,a42fdd335e862fe416165385739919ec128b0a24
3fc4f12413212f62842e62d463889e6cd6bcfa4b,a17f2f0bbe0fbd31eddd678ddd9f91ad78112e16
84e863866271b2157546080fe1c6d9628918a34d,6da3ad61ec55480df36078e9dd32ce4ff3a2bd16
b5865367ffa15c9766c8bb27bf44b367ba60c786,d345c610947fb5710c8ad5959acd77b289cfa824
84973ffea4c21733b2227827319ad75668be1ba4,96e389d4d769a88faba8e52e6f820ee8744ff6a1
0073592fd438cd7ccba43d1d895b2057013c708f,823ea62fd75ba18ad3aa9942dd1ce903a6684f2f
b91024a7f799216b2f57bb72e2e042cf269d25f4,324191dabb2b82653428e538f2ff70142aff796b
e0b1f7499f423e5f60f652b4c92a49271547c373,d8d806713534596de29bb33636f4a81c17106db6
a2129783b4c12ff94eebde3f81054007720ecfc9,7b484b1db769032820c6e1f506c4a847fd3bb443
0506bb2e276b01d5f4370254a8477e8a7089ba69,646b98ebac9bf58c57a2d2ce3d724e80bf79d460
ba4b6b2340eb20e85fc857a7bf0d0f91f3c0a7fe,04f32494fb1c5effde07898017dc7edcac6e8f4c
9efa0f5357a21c55a86fdb07a880b9877996c71f,74a868718e0291dd253c1b07ea00f50926d0fdbd
738e0167e538e6c04f317343fb7183938108d53a,a47436fe33edef7a887974b5ef6edf382343e5b2
d47bd8edb416670b3f0d060679f74603e9829ef6,7d3d6d13ba606555d09c6377a283438d20684dbd
1a1b75b38a3d668ea0755788541874c5122fd424,3c85cfac858d0aea8fcab80f22d0371faa09aa01
28e0a30c3f2aa8712422f6984823c0271c404668,b31a4a6f2c7103c2075824130ca88739f8f338f7
7ce91a2abd479c2b52ffa9dce1cf08deafc42d06,1596f66acca44f590e69f12a5631f697092a1b03
005e24e924b77cc3e3102bdb52396146b60f7fa6,010a2e5301ee93ab4b03cdaa2ea0d1a0f8574e84
be649798a28c0b616c4bfe60e1a786d6654174dc,3e39afaa6da472d00e71248749a02b7e16fc9020
5594fdca0d5ded21616ab2c38be629d53fc06f5f,bfefb02ff84bf5e9cd71bab4d440a3c2830415b6
1d90d38a5192954c16ac992c9d43649ae55e949c,09d2082be401f5df89046e68709301e3c9ea5cfa
c9ecdbcda47615669f0b8ce687608e3605d5d8bc,d57a12f00d2954756df735e7d7f7c8dbb06dadc4
6713ef44970ec7d640718213bf0ba24fcf21d7c1,0258554608cbfecefa9b6f493064a4c9ec18027f
4376cb749fc4df397c404cbda5a2008b76f744b7,f2a0db55795001076cc14b9a943b1f05c15ee020
0125974903120075596c6c12347b14e6c81ad18c,d401332c4921e034292e310c4af5fc1741675201
1c8c13eb589b72e3b5ada54ad2fd2d7d2255f0d9,6145c2d5e8eaa9c2277b174956f9278d32afc7ef
25c8151009b55c71f5fe4e7570a262d054f9c305,4d3fb73af5fe92891a7365cfba1e70a3d74e71f9
07e82cb91db9d41855c70d7cae1b8d755263992d,90632f999e0c8e0719d3c0571fd2b6af07bbd4a9
75641f1e925b5d4c69bafc28e9c3ba92200153d0,698318e53b5986d277d24bc1c6b0cea6019f10ad
ebaf9006b420e547b89e6ed53a780d902da763d1,2c5ad3845037e3e11bdee7c808f186a5744105a8
33134a2707279d631c4d30a04821600c417b5abf,347e84d4fe17a557da683de0506fe4ee3554f057
bb14b8c6af11612afe6f813e8d22d1cbd2534d26,fbc6ff28c83b25b551f81bf5de2c4e658768fb8e
9b7369a371230bdba4bb0ace3f1302c45c266943,fd5edea627e9caffb23a1f6d7dc5014b284a9a01
b5b3517d6b94e65b90e6813f95f9e2efe45b29a3,f192d66e72e8ce58d52a94765cba652bff214c29
3a88e826fbc3d23ed8a60034fc5ccc35189f2757,258559102352c1cea9182d149ed4ca88accf7754
30614fbbb0d270c9126c0d2db3d9fac08e70bc3d,0f4654ffc07aafd8f0d0721fb132ec067ededdf9
143c77063ed84682bba4376c4a4399fd344d8822,10d428ab4538bc5ea16e6e4d5176f7ae756c3975
e01820a49e62c09879d56461e4eb7014c30a3bd7,ca1a2106d43507f1f2f7328568197a078b97029a
1e34a387df0a6750a6e2985d545c102171595e52,39dc479e53544af5b85f99e3df95968a0ee3424e
074b7cf628c9d3fc41613b18b724ce9fd599d688,00d54055ecf34ff0ea93b0e6a13bf35f8276b113
1f8fc76b4989d1f6a8b58fd2618dbeb01b376586,1a2b43993fc5af535c1d07862dfd41dd7650aac3
f24c7a0d233e0fa3e6303037b1d04df42faa4165,2759ef7780b835284b188517b10e61b2e3ec5c96
42aacf5adfe5d25d43ca8d8361b28d0adfabcc28,c888d5cc409636ce24a816003543276c2ec5b4cf
58a524c952b5f43e01e3db820a031a437331aa91,c2275a40c398043c79244a707d439c59c88fc9a7
0ffc93749d621cec2d5a487647c37fcfb2aa1ce0,f3cbd41d6e8a55a91d8eee9f75bca880b43814db
833f715f25acf74f6271c7e86eef6b1bb44d2059,73aa26f2692507981c116b84d92d6b81b595443b
1b2c4ebbbbcfa9f0bd412ce890bb3e62e3a86f99,d1022e75d4765f5ae3a49fece1077c47156edbd6
3e13efd6b3a36121ccd5397b78f9101c21c81a7f,cd97e0453fd46565a89a71bb64e42c233242cd60
5e9f7528abbb9d83a5679f20165d619522954387,72e800ef59c1fb26b809931447109900a1562786
06d6919dffedb6c0bc58d53e2ce09d2242e9c96f,c701ef2c49ebf20c8de0495c1fec37abaaf9550b
ae0723b74c3f1318c188851fecda506edc4b6fc3,40a3fa474430adb3034ebbd393dd5cd92904c1c1
df5fc16085d55a17ffa1eef3060a5941a59693e6,1a2df4ac0bade81c8d9bd335f5ac9807626dce88
474fb8c273a796710bc829781fd9da0285edcb54,9e4e09539bc7496f79b3ab24a60a46248f8a787c
c6a1c28e6431baef42aa5d018a812b607fc99212,e0d7690a9fdf84b874570d9e2fc64df056b7fb02
5b57631532b34ec6f5c8f7c67139ba5a14ab0c9a,5134287fbe0fd7d6f8239878bf4c31e958ce1877
9afa96b12c478c82aa34e137bda304d35da2bde7,24cd48c4cf489fd628e72bff7247600427d08313
81b838097cd0d168227ea37c3c3e3623d1ca9ae4,7ad4e5acde9ed48ccd2d1035e519d4d9ef1675cb
ad42d3fbbcf7ea1498ee83170eeaa4bae9633345,5bc9e0d9a379e4e420339a579cfc39c23694811d
e985ff2d8dd6ab7c4a8b78140047950fe9ff06f7,d584dd4afb6ac3b9d3bf330c5eaef7ebb8e86092
0fbb976c1d8b6435e41b0056af28004f1048b3d2,e28020207552392cc7b1afd6935927e2d84aa73b
acc41add744c12f6000b7e78cec25ddf403d491e,82419f5349eb5a43b096da6c9e0438ab0bf4e6c2
b27f79a92d8166603e49a2d4891506ae031eb248,30059e00c647421fe839e02c0eea555a525bb40e
dfb651da03dcfcb97c97bed1810baada42115261,58829bcc0035f0f1ce2c81d3331906fd276ebe56
72893439d7eae43c0fb32a0d794353ca40c14022,7514f70b207b23b09907de8257dec85c118edac9
62689ef6fd11400e15e0535f849368b9d39a9665,1da9a46efe268db14ad21d46924bdcbedb682c48
52e3b972f79804ecf3526980a4af811399ebb349,18b7a3b030ae71c38d563bd03b7d7475672e1cc7
9184112207bcc369538dabe15a84fc02ce8b712a,73539b5456a5a76b585550be26f24280e01cff21
bb34993a61c79f364d187291d4582a34bda19903,c2e27f8930142631bc512db4a9ad6e995a28cd76
2aab67131e6f4abaa93dbb76fdae6b264fb534ef,bf3eb66fb95271e7f1e688514a35afd9527b1ecc
3e39b7eafb0a9f5829a58b968c0c23cad051a9c0,c3744fa6a03a7fd9b7835435f8a00198e67e117f
3a8ba9f48fc4c0d6e7ff2542616caad55526a19e,2a3f808f5a16d0c1874da8dc48667595787181f9
b93cb91118b28b47974ce24ff67efd27cb7b19f3,79e2d7113b16355418e64162793ac1307a1663c6
a574563ae0528a0a970cbfcedbdd5077f450160e,5e0504ecc42f16b6eff0f85bc55aea0c4d96c661
ec68f2a99f0a1d277b7218a90aabcb5916519d33,5981816cbb5cac99944deadcb9b7d2dc5cc112be
39a61ea1a988320ec3a8798da4bde75609d0193a,bff2de855ac6afe8e32589578b19d97366f4e5e1
5c1a3f198c0557cf0a9931c04e8aeba97b4031a3,364b652bae12d208e29f76c1212fdf17718489ba
fea1bac39969217f6c17818346a6c55c119c36e2,9931a7d4fb989fe67b1e54ceba98f81c74e12812
71441979a3805bd97160c3786719e3c4bbdecac9,e70cc3bd7641655104aabb72d1d7fe6b7ad81119
3d75f040d64b8a7be56b5e82c4371fb0cc062bb8,4dabf8e96379bf9f7d4147d8e9bbdec61e9ad809
1e0a53e9badc2ccb0dcd921dd6ef650982450125,bc42878aa2e176968fe8c89a8188692ab2475f02
27a1315c7572b1570f002a990b7b12e527dcc12a,d71cf7db7f13b60cb6e2498fac04625b229b30e9
8ddc74228e487631a4ec0961ef792f685244104c,b89307a12984f2f7ce1a5540144b1503906b4ce4
25ed96383f2c6a34dc88b93e61d99aaa54e4b8f2,26f6f9e65eaf62d9682ed6562169cd676a0d9263
d718f016b0209d50c5824615cb91f4ff0f9a33ea,e13c706b8a703ed3ba79050062bd4f8ae7b17a9b
236a69ab234095b7f35887451249b77227f6b7a8,b6044a659229e3ca99521a208dc9f1692f966be2
e11d6420aae99f4e333c5599768bbcd24559925d,89a8c71602993cc2a19820fa2e5781c277cde93c
7e825005d9f6c2fe4cad58b0f6d390ccb2f657cd,0da9dea162322f8eafc7c0134ee5d35cb3fb850c
e6b3027e0f6b4ade8e156d3d21a4d1263f83d8dd,8111602f318752b7512bd9796e3cdb663da4aeb0
1772d158bf125318fb4e78f3cca2517e3da78b4e,855bebdad4090651aaa5d23254678e3de1996752
1881ad960fff73f1d641ec9f23b5e9cb3f43cc60,07314933f0593313537f5cda3fb5f0473868f779
0372d7108a3356b0ee53a35490e3b00b5cc285d4,87987068d7f8c5f3951410c086b94d11a0694a6b
a1034a746509fdbbf6daeeedadd96cdf8add3706,b492993b2d0e8ce9b3c4a9bd64f9c82f0e5fdf0f
167332c4861863235c623659d5a88258bf57acd0,9cabd913ed87e03dd70cfeb2015a34523742b708
804ead13b4aafe5192465fb18c8ecce35625a8a1,b83fae9d68066c87a9a53daceeee2b7a526e4e62
8a4b4f8fe2cdc6a294839ad0f5cc38249ec79b48,939e8e4d77bf9090f060a89292406e23a0657624
4abc65e2a587dd6885f00b5c583ad0d1dc97a04d,d06ae1786e49925ab81f8e6b35f72903938cd317
96889fbc6117b57d9690c64611b34398d84c54e0,94847e787145a9086a3d633c68e131a5ba0ebbf3
7e4268ee7a48d35b2e71a9d8fece02b267045299,0359caaa1ff15b9d25af9557bb2879de8e0a2a2f
8b99b7b4a1ff9f1862d5f0e5093baec1311b8648,946b66608987eb49adcdbef62e9e0894236d9cf6
a3eeeb2136a98104b319af573b63cb6dbaee6556,60770e252d03b3c7e1af57b7be56522f03cd1c5a
253d3b5818d5ca7eb9bf215df859b16dfbf302d2,d70aa4a5ff2f2ea6e2c366ec419fcefa90050821
14841f8ad5395f72f5d1b7dd548001aec5c120ec,991d2888ba1d52f6ac7052f3705b95a2e6e10ee2
ae8b81e1544e924ffa896a1a2d1cf3ce59bb5e66,ee9e08d08483b84dd3abc85a2ac160b777f08fbb
6c7c6d0843fdd337c748e5f5b42715088d6835dd,691bd24f3e2db6660af5f66fd6946ae51421344e
19029c6c6934efd505cd545912a1a572ad58339a,3a909a0e96a3b52c28373bb7e87787cb8928f49b
50bda7de0a59e3a61a582471d0d7ff99563cf1d7,71a0ef2298eaecfe76ef24e554e4454271f3d580
5c62a3e106c367d897834310d9bd7df8a182ccbd,e9b92f2d09758d4bb575a42872066fd29bee237e
506b0fbf18de1053c2a0ba5c4787626788602d58,44ac30d90bf67678e5443362e6bafb39cec7d83b
070ee48d9e64245c3a188fc2f7a87ca311f99583,db924b17d0c16afb12002848dc34c0dddce59d41
58694cd9c681241472de16847d6e967e7b96b977,29f74d91df7c29eb2c304ee6f6e7ff1148295ddb
50bfc204f563a2e58d7dfd8477d4f7c02800ebf9,979f692997e9b148a55c173e8b5db3b07b862676
2ddcc1e4c6649859cdd4d531bb15764da814df39,d1812cf2ddc9d6312a3c7e5e1764eebce71f27a8
a8bcda2a3359453fe30cc1268dedaad0af0e1c05,dc4dcf47ca6e56f25b66de1c5a3ed8193d2c533e
2d21701afc220fa7fd3be915aad53ac6bc1ac1bc,2bc437dfbbd6a4f53cdba7ef0933177cec46779c
1ea403d0b31d9feb82e2c1fbc2f5145f752bf993,01345e7e59729c7de6d51fba2c9fbf713c17051a
44bd48f8f8463272244e07cd568e2240a623ccca,ed815d885704d84273c39094ac26dd752176dddc
96a59ca74f047084c5bb1cc88095bdc16e6b63db,8c6241f2bedd6b1cf55f456c774adbab52ff3a94
13fef038058d5ab8701e7940a607cf9a34467d04,80e593231de06e895b94bfdba4c94a1a6a2d6144
fcce6753fd9dd13e4e03991282a9ce84942ba27d,c4f93e4a2d234d3d387d5724e0bfa048c8f4710e
c219ddb2d799a105bd0f647369eb0855bb55566c,c38a070b31601b7a5583beda30a348e8941c1f4e
0f9094a45128b4478d73aa5e37aec2a0bb738c2e,ba7778e35f160cb90f7d92ea819c6b08c8a40f7a
cee1ee0daa9020387c0dc85e0b1b3119ddc0da2d,f32e2c99e7753906cb6e9d274a34ca671bb28a8d
054e2bb8d39301e0743cd0d65502cd8d825c8b15,71986c5c894d5e86812b600adef262c21c1d1358
5ea6541e4e471dfd8db674ca3f8ea0ca74daeb68,c3955e27448341ccbe49133641de2134f4b8c20f
cefd20ba354ef044b78832697c3c18c690ef5ba8,a6bafb780274eb1ccf1ecfb092e5f4d52d5a1089
a9b83e1d97aca30a5334714a8b79c9f5f12fe4f1,7fbfc1508bfb8f09b9ac2b6ae98f16606530f31c
b9c8b2251b6a9f4dbb651077ad7a59235bd9ee2a,7611738ae80216338e589151133f562f4e58ed16
d26a7f783a41e45e0c461da796617e8dd1119d21,84d5572ab537537e443d2bd67aa0d4eada9d4859
ce604b758493c8481eb1ea1db9a097a9f901d4f5,059b1a074a509d0f35a31fde870158d8c0dcf598
db3e04d3d8b8cbd40f97c0a1a5e4fe6adc22c1a0,8bfc5a72f8b420ac959654ee355444753fa1b02b
921016ccabfbde8c7602a4bfb5456ca44697f45b,7bee95dc9e55850c6c2b270e850580152b937330
b68c1a6349da5304c31f651dcf5abd6d163048da,3514e8fd5867ac4b7ba40a5d805f1de5dd047812
d7a3a0bc1c2f187ad940a8f82078f424210f977f,34969457ccb33982f07e9d5e3b2270c463cdaf49
b632fa29e7e82091c2d6015246e177ccae6f1b30,7facadb9a5251c747f15f9308174613fb2d31d1a
2d5264c421911074fb02e63fbe8153aa364c37f0,32de13f126aae3c7880cc5fcf8f64dd701f5982a
a89ef240fc410b9a67b30fee19898c0546da50a7,4884b915dc1a55d853a7db9056073aeec4840eb0
b2a22c41c2b6654be29b0ce78f72cc3cd269fd15,e0c4dd80a19067d2ccfbab674c910f39e27f70ad
912b853a4bfc04863f212a7e793c86084389a8c6,283d7d7097d93564c051863cc40f99fc15518a69
cbbacc6beadc30a7b1e21189a2cf4ad331969827,a0116bebf7dc3ad20972f26349e8188820f221b2
53cda6174aa6dd41f319843aba52a6b1e55a557b,5c625cdd719730db826c44f389ce3bc721e78ca0
d6245d58736791954ffa58bf01a7e4ad96c67825,02b95463ac1cb7fddc31eba1232fd7ed2d639b9e
564609f5d7ec030b2c80a82d9ff7a5e2052ad9ee,57de2d97d5ae5f5330329765cd2205d4fba8697a
b8f987913a2fd0d79032fd1200238e9341447ef1,663190cf37f0fd9bf59a7f89428e5567e6aa1a99
1c240dc65add657122e7c0b17601f392371dc56f,047ab498842f15e7d9bf902b6434038e63ffea0c
ad9c4107516780a692f73191b57534b2c917084d,7e23097598b24471e88577a8ed8dff416929d450
488085e9bc25e9d3a9f8edb7098772575ffb2f8c,012deb0d4b05b39702368e278bf1cb0b2b140e17
1e4e1fcfd6f2faf4b77b7fe89193d441c982cf1e,d89e4b6ee2ed14bb7f50483e22eef0a360ec1a96
064cab23f419bba1bdc44b300ebc2df7a25e7bd4,69e9e8f2f3e97065700e3f78fccc62a00c69d14c
9a6bf199ffd46dc2c8b3e31b0ff0dca8fb7982d1,999f6f6c47cc6008eb255fb63a2d54accbe06404
580316c679e44794b1de536737e11bbe376f1b1e,e512048345ecf0d4545bd33ee850e547b7c385b3
69756e382dbb04dbf9c052cd7c3d04f90475d075,76620e14e240e87d3f38dda061824a73fcd2f5f5
b7bbd2d314d846f2d50071488ad0e3b3325e0c39,0543df331ae135b746b828a05911a4eb34d9308c
6c6444ad8a6d770d7ee84470ec94812919477ccb,9da9cb76de3b08c070d3f1508f0137e4cb659998
0e30e5e22c57d426286828e1f3d67a0017cdd7ce,077712733ac3232a244a927ab3a1df6490bbd9ab
94b799f19244d35db1be339889784bda891f3cab,b9d106fdca237834ec27812288809f1530bb3561
371550184c0ecbecc727026e3f63650a5cd0dc13,9af46ddd306e1ad47ccff5ccdeabf1d98ba8732d
b57e76271abc94c809fcb0c3e17d9da2239d1489,cf4eebe5efd7caf0f4cb9a739a68f45b2fb05b79
a63797ad05db29d7cb4fd1f3ba78c84957b24303,62778cad5df1b6516bb750054a8996d31153ec40
bb93176dbe1cdf968af27151aef0ad40999c15e4,e396b2efe945d0f4008b5cf99ac13add554b89a3
491157aa13743f65c0cba5ff3cec8cded85c5c96,0bbf71555795bf1c01bdba10af33c816cda9739a
651b9762cc56d96001a3b3acd1293f8e4771618b,b8df6eff587cce99edace0b03d99c4298bbdcb7e
2192ea98e56aa30e7c94839c724a99eb6dcde94e,19ec4433a6d67dbf9abc0e01bacb4bbce45e77c6
17a982f41eb54de7d290e97187535c22c64e29e5,c568d2c033529241915fb1ba981bccf2946b982b
23516237967eccb564001cad097602c106547bac,538426b047459bcf79a26bb4a6f3fcbb30f101ed
f8e2c52777f5af601f34f909ccd5b1f2d705e0c2,af8f38d99e25af9f685b0bf3473a4a1697be4c5a
604746b14f3e81d5e151f1bce635c13673e5080f,bd548cfc7fbb1ddb51f2b79f3422941377f5a6d8
c73ea20fa3d15ce4843f0d2d55d376a8c1f6c3e2,b6df1f33ca1830a3d444acd224eb9d089cff2614
6c43baebe21a4f5d1eb28f910f16c52c16655e0c,b695cd2bdc14c7c785acd57866d251f602e42c4a
3857450945f4fb5c6c55689e0d1243f58f9b1d31,405985cb50e7a5a41930b1071def954ab418ea27
0b4692274235054b0a0e68b7a67565c9ca3f0897,f95e1082f450175aa05fd4221844203970961fa8
588d458d2c8d018f5ae6e80e8d577bb7d2491a12,a83c962088eff9dd523fff02f190a2ceba41674a
727c870980e530f4d76191ca8c82d4b64350c708,f208977cabba12e2b07aad00038205321a42303b
a32f4b0187a1b295e1a536cf2661c067796157ea,d6d493709f0fedf9a5dc34fe97689e705b8fe938
a918cf59f4577a98514b1ad48bab4d7f5b4cf190,956d0f8638f1931bed37cbf7c8c737dc95d53d91
cf0cd539af4927153d84e6d368f0640c973d5447,ec9f3e8760bf44b1e9bd94af21dd830f3a036762
93a2ed425469be642ff23c8888f6fb22fbbb020f,6a481458bea3f7a39fc6c86305d61ab673ccf08c
6cd2e00cfe2bbcc2f949883deb74c2ff065313a5,765c03aff74fc3df3b0090ed795a033e49598e92
fbc59d65755bb855956611688c357f10dcca08e1,2378fb5406f519063bb5b2cb076232beff192bb9
d800d6cee6930ead14561ec62a8dc64e5b73f58b,0a7c81ede10849e408aad1dc2227e16db5ba4fc0
1148a78d51387a15ba1eceed09377b3fee77776f,ebbefeff9889549cea949cc0a9490c374bcdcf20
e2ff230ff405238b4d20dd6f6622de303d471230,366b638f803c8a3b89d873728db8f8034215f759
a5f9e174dace59afa9de2160c5b0d4c159598420,87ecc6a8c2b3bab1c15e592d13577b59c3fdc5c2
8def7f17661a94157dcc395635b8b7316141a27d,24acc6b43b17aa650d3551fa1827970570734c77
6f571eef380029e8caf863085140dbd1591b2d32,c9cdfdc2eca8d5fb97c6e04a256a2771472fd379
b8b12ed1613f879802a31018ce50c4381afad6bb,72ff62bb4542ba0aee40dc86b39d7b3853c7ed63
08f4c4f948fa78a8f78d9cb6cc8eee4a76ff10b3,b976f8eb4a2f2a98bdf9592ec0b75233792a2aa3
6cd2ab490f7863e9446909c4189157a204cff029,55bb8529313c3cc01ccac0c37713645aa1032cac
e9deb75b3892730dedf5013add1499af61b28698,9216f5a9461f1e7ddbb717b8e90c32dedf839f67
c3689831fb8ba33dcad71ad3a268bd09cf0da827,ba8d171ab8eed49ba1172238bf5b72ff98d56cbe
d8431cd8ecb6e175246356ad7e42930d4a7657a0,7de41ad41ffe317f25ff07eec5c66ec2027ebcc7
ed058c957d7ecb9ce7dcad8d6570629e82d79128,20893775b4b7d14049ec95537d22c83172f09fa6
517f862a44dbcad15b6704a1a6d877edc4507e97,bf1aa374ab25ee6e25d177da829a411e604af54d
f671dc6da058bfa129bbffe7ae6374781d9f07a0,2e38e086129ed316c7947d698cfc371fa57d9d58
be9b17eb2cb8c98e5549f9ecbafab7c02d582835,0af86ace1d68f8022a6d4f184ed59f8559273217
1136a228a1249897ecad852974af11a292510fd3,5a65d2014c93786e0676a75fea21cc8e3fca9411
d4504394a705d1cd72059b6af838622d5799c7df,eb610c3bebc1e96a8059512b8ca8677e7e772961
f1af6b78aaa33b7ed3dcd5ed4f484a089beb9ca8,c269dcc507794ad53f155fc20a0278078ebf12b0
e28e4142efb983c01b05dc9a45f1ba3425dbf963,a55e68c1986a302425bc6f9f3f78f77e15c8aa3f
83e3d4e86b9166f96705f50c8e4ecf94f398941d,6c1d9f57e17308394da3375c1fc6f0bd7281d3a8
4cf199bf45c224f8196d34df698827a1f7c8b916,33b85bbb84dee8ad11b4866577aa327f53cdd0c9
5b264be264cf8bc8613ccebc97218b261344ba45,1da08863ad71fa3d9c07cef93aa611f9c91a61fb
6814da6e1c68050cfecda67d7909bcfb30af7553,a835bc5f8f52a97b16340c50f81e22fd5f09e92c
c48f7842fe41d975f78894fdd1db02decf7d742a,f08a2d24b463da536a1ff16a864d4f27a109ccaa
17d09d303076764572c9766f88e4dbe4bef5e2f2,336f1c570ccc8b8659bb05b3f84feec0f366278d
5c246445226b3f290324bbab6105d104952a2702,04a8a370147becc330badc26147e6bddec1093a8
839017844e42d3219e96c8cb1e6868047b3efce6,57bab3d75f1e96c3eafd486154927c7695860f32
5e5d63bbf6651c9066cea61b6a25309ec9e47d09,25edd983f8a8a15f5da7af18445418f48141ed9e
bd011589a7e32d6bb31ffeb418ee3d787eb2a6bf,c8bf39e8a0ab6a803ca4170c7afec42c219efcd0
b48d0c099b485e1c9c3bac78d033311eae6e70e9,e324f40a4c29036e2f99dea93c3ffc0ed935acd6
2801088dbe15665b81f77e0fc4ade379e20c3c6d,8d3e7399ffb1f26055c904b68b9f76f19182a54c
cfd71e7e2ff77e52846639adf07f01382f6c4ffe,40d1c2c5cdf45013bf55134fecfe47ed77f0dfa9
12e9add140f96c24f4560de8a86aa085780ae159,a89becc656ace97dd703027ceae5f3773bb92098
4c99b1af4ed71f1defc2e987f138a5c294ff34ce,eb9a953b0f6e1b1110f4de6ca22b12b106981038
37a861c943bb2b3d0249eff8fe2994a15f1069e3,5c4107ba0fcf43ba2eba844b4b9b2287ebe9fa07
850275a436aed593d51c932b9824737ed5459c80,cd15b5b7f33bd181b45d23c3630be28a90f25a14
4816290611c0c20a127cd6f76e82168d4cba0c25,9504d88aa47488312eb2d2614811453b4122b850
4b8347d661cfaf9adce2a438b1d70e348585b241,a6a269d6f4b2d920a9594c2865137d1d03a03621
b99f3290afbce614b28ef0f677ccf3514350a8c2,4e9ba7fdd048be2ea0453b593263b988f1b8da77
e0197a83a63b006b878121a5edfe10223777a03f,be9551ba241f5272e4592ad199f1f1d035e83b30
e66d3c7abfb92ec10b5bf830326b455d5aadde1e,1760ebd9e12645f6e18be6be5795af519a8e3515
3a06420502dce35c2a32e099b6be541ef92e703f,5e3a091a79dfde11f337311b62f085dec49b9076
dc9cfbd53fbce753c71e48d1e9b7b04fe412fc4f,1dfb0653205ad548be0860967d20d0b4fb2a067b
ce0191ea351c1c2f5740b228f68ebb975bbb71b8,ada0c40058fb682d01a0f4eab3da60b33dea3445
f4db9dd06e6fa80832864f4c652aa6b208b68ac6,77768397e5a95397289c04cff041658d550d089c
827f633bda1c97743059122348ab995f29e526c9,25a10874122488c84edccdfb28fd6f9ad0126aaf
527763347cb07a7894e9222bc40d2415e3abb0be,f56e032ca95b9819fdb2f00147a874e6503cecf9
c36d867fe728d86d96960d6d033b1cc72c77acf8,bf9392537e19508beb38df3c837d94e0e690d4bc
6a79c1335e0f2772f0b75678338c5299e800fa57,4f0971f27c4c67fe7eb4fc909ad7c55aa01c19ef
8fcce910c98b5424ada245da3477b5a8606def0d,14bc5b7080101c2aa72e9e958d7f3319b7c75888
18001f5b9ce26d7f11e4f51b193fe8748fc0764a,c700d16fa4a80e0a2dffccf3cb37f6eac569ecff
52c43f67ff8383f937acf9579bb4b92dc28ac793,07ddf9523a55d8c9ef403a5a56d3fcb7c2018450
6f3988ee5a32a99c19185a9aefb2167ac59df72e,d284711f94f2353b6bb91914004cfb5e7dc24430
9b6ba51b794d83f73254d9c61a67ff3f3b667a82,a74be48d285c1cfe21c62b6e90d02553ff1cf41e
e0dd4cde4d1c8c995c02ceba1a294f497cad1b8a,9716bf7e547ff448e5b102adc303e1c4e06331a8
3c4247df9e2f3f3ee8ba65902f1308854bc640e8,52e2239d532299045969b0b4a93c7bd16d57f04d
8c69e4eb81d604c11da1bfa25ac65b8b9176bf46,59c0fe839b8f6eb5fc24844606aded678413ddd3
3cbbc43c06bc064a9066d20dd0bab175ac23c5aa,b08bda8be1c1d5b5492683c5da1595d70c876975
dbda026f644c3cd6102b4acf1bf7c687754ee10f,74e69c31b8b8d345ae06e402129af2c34fde0773
021b8e90eb17eca7c164e74e98b69b0dfc3141e2,a71a640ce8839ba80e7f8e48f5f00dd6ce512797
f9d9fc9a5f074db23cb0e81ae5871eb10c050449,c2e029504b942fcc61534c69a3c76d73a30f81f9
ae96ff3facda19f11b03488ee8952a297ce77478,4ba01e845f40c852db96a46bd4b0648eca54e06f
038205a017da661aa7f881ac8422355d0666535f,7d308e97e0eea41f08159f996f4691c8c40dd97d
0a6f75a958b2747b03fa5550f884519787e3b7d3,227bd1a779ae56a4072382f9855f040c1d6ccd14
99f87aaa1aff533aeb5d135aa7275e688666f7ff,e6fb56aa0b7db2a405d35b03e22dd7af22a246c6
520f9284576851110a74d66871474bd275c91781,289f41c3484d3e8ac7257f90a750819cbd5af62f
965353039927e5e20ac98d1e4008b07625c5ca2d,c2cfb98f6d32dc8aefd0235dd5145be57fd563ad
6b2d4c04c04713dcfaaf13061afbaee59255ac6c,7a0b49d942c643aaed7f4ef54103c14c72dce004
5db0ccfbc12f2be937be3a74213202d440b1bb97,6a731b27bc2e207807cd869a3a0cce2e6af7731d
8fbc19b04aa372c90f6a6da65fc69de1e4d09bf7,08b25fbf53a1d2f8112d6f831d7e28784bafaa36
67e9ba6007b80fba52b3f0a1fc1e3f38ce01e332,57ae60ad2313c0f9a99afea7fcfb4584a1caf21b
5d8b1c42cf32d4821a2b7c794ae1a54c0af8922c,f76c13af548e159c5dca840d9a531d79d17cf2f0
5fb820bc1d3a8da46f7a43787ba246bfc99244df,5867c994b729a7e91bd9d7a97d176150d85b839d
cbcefe3344990c966359ae596aa643ef6f7e5f32,869480f86fc3ee2e70cdb69f7d638d8772b83f66
8873ab940ee0f33fc06e64ff09d8c915d9f46ea4,13220ae83a19e7cf110859da9ded3b8c236c2ba9
b2d49f293b941a705e368b4e3433e59bb0c21405,559a5b65bfc3729e1f844394ef438359bccbdeca
9e6265eba231cb437eeff4e4bf53f20ed56ee556,195536b2a2572defd6f10e01881b424825e76852
ba3e89d27bdde8b9ecd74b7a4242c18b21643c0e,d2da404e52d10920c5b5840cdd2ce46e51457592
89c3c6c06fab4dce260a4ebfe560091c8510c262,13e173b860b78477bb939456119c3088f9070bb3
a4a7dbe5a51cdd0e013d375806cfc07a880ee6c4,d27d837bb8880cadbc1990a9218dfa417e716735
e2910402cc596c538ee1fe7eb7ca161b51ea2326,097053de1bbee20de43701badae25b00ab47c745
0aca32d317d0e02e55269c2b58755a5debb90d82,e83ca1957f375d10fdc1847542f318b79234717c
9e058fefa9455824996bdf126ea9586354f425e9,51721867b0f4a02e430beca4bf6cfdceb73c032a
0ff773361b9d25e5105479497f9f72da48927dc8,f6431b9e032ef6b79f327fcf1d903d3e00f22adf
36210824414d1f2e478d391d4d0b9fc51651653b,a763883a483d64fd2ef655d2ecddc5a12285cc35
565aefd3dacceb35d0297373a09b8cae4653e542,ee2aeb906b563d19bb512942e6b6b5cb1f724ddb
ac6385baef00f7be623e1fffad0e2ec6b6d5d3c6,393502ecd453235f9a2d2a81253f3d8fce5b206e
21d92f053edbf37ec174be069981b0a0308a176c,73ae64a224c0618b39b07d0c0a51149f2a3d3414
54c83e2463004b23510a516bb0007538c5847449,d8c8fb63c43f1391bfbc90df2cd721705386928d
629eece8f40b0397ecb60884f8e06b09aa141ce2,51a2b67c23655843f817425c5a294063a56eff64
a4284bb6f2afe24e13af5ad92078b89d92926cf0,af6956b4031f0ce4824d2830c7d7997baaf59be5
b1adcc1adf5431d4540ce428e384f8cd813570ef,78cb922bfbf6f3af1e03fc2cc873ef1f6a8b64b4
dd25a0e029c09e27ea28b6561ff0fb28e9f2fc44,a8fefa5fdc0780b63af14bf60d64622398c9e361
e291d40fb016c292fd5f2a6ec103744c51ab5754,8253a097df9c652208c0fac3df9c7816bf3ae2ff
4d28d690d9c6f1f72c4f3ef985ae54585d7935f5,753ac8630e7065627c17a691fa50c806184ab7b0
5e1db3594bcf36ae3171dae16e4271b003a90323,95203c635bfd3e123729699ae88385d680bbe1f1
4bfb4a3157ed8527e57bb3cb29e0ab33ce63454d,6ff8cee375c507b5df8e1e07eb0cb6d30a6ae85e
d4681c0966f6dc5e990490a8dcee3d08fc54d544,376b99604493a72016272c2c67e63af02422e510
c080ffc9e12f39803ba71a66c991aee076648e05,6c62e9fe674b8098f21eb04cf9c33fcb7dbae8d0
51ebf8ca06ec52f190e4d84548f24565980391f1,cd30e36575fb48e71fbe5dbc3464a22774934b65
1d3d34e491df1be091af7e5446c29b89615a4b09,1aa1e5cb4a09bbf4ec5063ae965366ce81506f26
e47d93a389f0d3d6d516a96b6433744e179e7045,571e55c6ee089230e68515fd13c041bcc12a6fde
2925a0bb00e8cbc80a37f6b85c134cbbb1ae19d6,fd6cfaf74faa432f3a5bc0ebb943b02b3dd4ae7f
f422c70d9084e924eb19a45316510dec8a39b6c2,c4b6412f60020f252e4b3d9c584e8140c4a333ff
708794e341c319c52ac51d121eefa137e551e219,2f98a01816aaf50ae066208737704c960f698987
08bacd6c9c82ecb9a5861f29fc04fcc1d15a4e46,33e2bcfbf2f3f748ee6eeae582f2d654e4945010
698f8daabee5ab208216d91afca8429c85d188c0,deb42bb373e08a78dc839cb1412a45a42652e157
abb31c3782fe925cca979387612e0b860dbde634,5d9517ed9e395a7e662838f5b579bfe611e7b823
d261663345815e06c73c33c9c0d463835ab39ad9,448f5b1fcf13303b99d70da46d3456402c94dd16
ba80818b6d99a71254bdba0a0486683bda1c3f4f,02d8b5bad1ff370d416f6dec002341f9a1a378ac
c7af8de875f1ab28a40aa53bab7e5a9493e4b1ba,d196b56a2a4fe0e6defdf460bd804cb4afe0e80d
5b3802bfe3aeccea7931fbc0f255fda2bde93339,7953739f10415db8f91904f22298007706814355
e17f2b7c3d6494b1da5f72e1afc94510c94875e6,65f8b12a9da18b8466cc626e1586d590d3b20740
a7a7a8473c191e2a90938163658f642edd593491,69ddb0c64ad92e0035d4cb2f78a190eab66e3dfa
13acab564ddeb3fabb56987d02ff2810f6f09537,0df95ad9b69eaca94d1caa10db16625e326d6929
ba2475545e7512e48bb5d4a3f9d08fb620866adb,cb7b7543615b8d7a7f219d240604753663f58c32
9d0c88abcc058f80c239d3f0a9f1c068017cf814,66cd896c86baa3d2e2dfd7a4e2764f68e75bc57e
0215c30f9a21aa332d5f4d93aaa7a4fdd7ae48c6,e37cdb93c21aa65837f9a4e462a5ad9b6c4603a6
0351d13a9ac583982e4cea4a1970a32e514fa901,1c0dcd5f8850c99c36795b5cd475df31ae765d8d
e80c53ef5382e3f7fa3e806f88cebc0f5afb150c,b6fc833ced3dce2c946668a4d22996b655316c84
c170dafad4c059aa0f43d7010b62e3d02c733933,192943797a3bb90314fa2b882330336062d8d021
4e4d90b64500dc8faa49f1beea81fa563a8ab3e8,908b8a4e534f8b256e020ae3d29ab25e47d70515
8161cca7339ea52650d19d25ac9ed64d1dd93d48,93cdb7c27d3360234a4d3a1cc63cb97812cc818f
5abcf4c6f16f2a035b1b71c5672ae8056b097465,f66026e05b00ca547e2626cbcb3857abfcbaaf86
9f528de51afd20a61ba03b87b3544830998f2625,9eb60bbeefc38cba364a698a56413dd05a2a7d15
a802cdb373a99a664180615b8492180acf9d8b9a,70f382056d91aeae4ce393331d386adb00f59d4c
82988a0c41d7f28a4eacf60534a096e71e67b40b,4d5744869d0d196acc4ecb33f3344bc0b094c7f6
9b1c8fc284a35e26e2af2ada400ae9a3475f503b,6cce25b951880084378408b84ca03929b50f1721
c2e35587a86386eff2be6a0beba863765244c360,f1a9e98ebd514d2d2efd0200c5cdbde08f03ddcb
516abcb3a70feed5c714d8ee8eefade9d1285c25,be80027248bbc35cbaa463e16275223694105807
80976059f7a65cff39dea342b9d127bb39f87ede,e24b8288d03ed86da50340ae89fcdb603633fd4d
560912571549b8b183f967672351c15550a1e5f0,692bf1554d1f888bf1be0a2ce18b712eea9f0e5f
d7c35718b03bf41442e91f3f6095f30ba517b5d3,1c05235ceba761765041a489fb3a3068828ba7df
bf1f5dfece5858fa11c9b5605af16775624f145c,86482e5abe3a99acdcacec1f2ab8a2457e0eeddd
a8fe00e032405b190e87a8c966aa979a86b9a598,cfd92353de34194634d162bfe369a993987498c2
6ce348781d24f5133c01aa44f4ce9a9754cc5828,a6bcacc4c33572da2e99059a8a1e8c2e8f97d09a
732fc8237f61e50a486d017da1fd077bcf958456,49f87a720bd40327fdb07aeeb74adec112ee509f
10cc714d0f0fd9329d59ef9dec36b1d85f114dc1,bedf657b0a1ce1f5d29a8ffbab26791ce6f9e846
238c41c5ae3e5eca5f6f97069c6afef380b5f513,367e83ce104247ff9f7b4e114be84891c98b6ab7
52129670784e5741b0e391c91495cec7a096c5cc,4d255c21b978493c5ceac50f0ebb240f38cce9b9
751b20f22339a9d31c417271bff5074f2edd70b6,49d0077471e04bae82f3906cfac8823e1f4953cd
5325aeb2d0781b23cebf7327ce40af11810f775e,d33d49fcba065cd528820a2244093c55e2e593e6
d89e6ae54105e4f47281d12dcf08d6e4cc080943,6bc39b0f3ea76cb75f17656b4c6e4ff03f8df08f
9d21f9dbb3b7b461835304a8e46c52c8c0d1584a,fdad6d7eae6b95109271dd187dfd199bee0adcfd
7b969f95a1ba29c93a728a72ffe54dcaacf2271c,b87b46a2a116a687657b854f54a3b8da3f2c269b
8126fa2418f37040fdde89b67b2ae271929e6ff5,cc4280973f746a103888f7afe11048a792fb1022
2576d91af869ea285c6f018171a16ad1b907a0c9,b3f08c4d2661948818d4437e33c1910ed9719927
46ac577df6576d9a764a7ba10e00e39fcf76b982,f62a3e405e1bf8512ab00c8967da0ca027634e52
f303d0d5aec260a73f8218803027420054a36f1d,e2b5ca2ecafe44a988712979a876660fe98322b9
910657b9540f766a4d08cc85e6d7b2d106890bf6,397869ddd7119740bac8a7d97cd6f7fcb3027546
2de90b0695b11e2b409c395cb321969429b19f75,e57d3e74e050cf3caac7cf46f9ca87372852bb81
23eaaeaea676e2952021a6458776d6ceb24142d2,b0a981eb00dcb5d53037327603fffee1dca8f7f8
7e9c1a2f7d02671f8d2da3a592d2aabf56cd03ed,8b986f0c5b96f5f6da60a75a217cd38e962d1565
5c7876fe53302990fea46a49811a54efe9b84449,cc30d2169cfd123c7416b5af70aa2503f2240ea4
56b0e1847b81407edbfeea1af5cbcbe4f18c7914,75ce00fc41cf820997ac9accff2a75816e4cab37
8273970adae92f109b1317c0a1c91332d7091b90,754ad68defa47e3e4cb8d30c0a02343746e19acb
86fc4cd4284506926440c3757a2650bdee567a83,95fcafa26caf3e5e5a1b1424962c64351f73ed66
f42e5c06a31fa6838c48a69126db5072558bdbf1,ce6b97cf92c2af659a6468264610a83c6eca2de0
fc05e2bea991f3af42b4670de518762490178990,1754b1a30ce94d97aefdb713c568cefd6b7587ba
c9fbe6f9ce305d5ff1b96c7148b103f76182995b,416b2e6f8d83bef9082fea4e200ad5f658010f09
2e4b9ec6defe9ac35d7735ef8dd9a77e64c56c8c,cf88bd85a9d07fcb6b04f83735a38755dfb1b4c1
2f0945599a91c87299781192fce722b2f266fd53,ca1924fb001a9d8bf9cf874de86aac2072b018e5
96c6d51a61078bd5177631a07d336f8272a4859a,51650372d1c366bf87abae3b585911b53b0b6cf5
462893b01af48537bb2deee65007398240a1bf01,f50b3bdd9bbaed92a35cc85dec9526b97e260142
88bb4267795409831f2e5ee038bb429245a9d293,01bdf295c3d7f88116ed8885fd37be40cafd1913
48b4cdce46bef1d2c4b5d18b4868fb0dc5731519,ca860bbde489af9030ab27122d0a87641da6648e
081fb51f0a8b43516eab80f637e5bfb3fb8364d8,b1017613c166ac0a12428af7e8e928d9dac42719
276ca891339bb568f74fb1b2480b4b0513aa66b5,e7634f5a5900c35e2c3dbfa86e350e1349456334
f1b79e8e6cc43a7edc20954f15a39656551be639,5896e08856c38a5e5402d85e9cd6d80024a56aec
ab61d18c6dcd8586006cd50a7bfdd9b5c631a413,80d2e5bc497f48d6d556b16660c038dab3983d11
bdfc618c5222bf1e3ae9b0dc403c8937d028abfa,77f912cd80d609d6fe0681c15de88382f9ba22b5
fa3aa2bda06742fad0ce2f99cf1a9b219620e258,0a5087fce567ac31179afb4df604e8e33d5f2d97
c0ae880bc5cfcb091d7278beb937826d8c7bd5b9,fdbf70328a1889a1f76205adda7c8f6541cceff8
0d4cc5d502e776e70bd0ff8720bed813cba58cea,933d363b7516d5e4b40d7aea50546b2e5454d11b
4f7881c58c6937d645436c3b16f918efc056057e,c56b5fd1d3fc607869ad1ff0708484c099b8d5b5
dbcb5146f2f4b252d7540d9240d4e8770ed169d6,af40101f4d3f1c7c1d5a1ff30f4588773babe100
4ce017e8d5f41905a896694cedf4e4363d754383,0f0a0b578f83d1f25e069cfc7c97096f9ca7a49a
fd3dbf712996f41400fd1665756d1f7e09bd50bc,b1d758db8217487dc159a6f08de54db73c72794f
dd16258b2cebeafecb6de11657753c826da27c6f,8479baaa1eb3ba7e7b82acb15fdfa0c8b36ac729
7052b2a66cbca70df33182c53545eea3f31c9797,994decae74998b11d2e5a99e814815c09c8dd367
c66cb584ea4aa19243ffa9f64d9c496f2624c06c,fb54eefae8c8bfc55dc778077e926a558a56614b
1ef9a0df24941fb780ba26d15c8ded1a170d2e53,45ea7aa69b619a373e236775ccddc76a89845496
f3a57177ae816b27433fb795906914b8e5de0079,2e7d727417036d8cdc8a53e647a7c20fed388e77
104b73e4f1818d82c1e141f6c34857d6f976dd3a,7e8b11c0950958ce3746dced9c6324fbbedbb344
f44bfc051d4a80db7e9ae7a6856bfe8145ccdb68,bd3696f4d3445d6f5ecbb82ca7d748221a465a93
06d1eb716ffd5b6dd26c684c30e8919a00181943,6912c69f2b546a5d63d781a65808aed0997c7dd7
0cc8760bca04d57a8395674cc1e95dd4049e52f7,9e5b0e6084ee899782138f50139fbace14066705
62e974cd6e527e5ba1f1c2a5c1a07abb0af951b4,9283a75c8d5bfb658cd871793d45418d6400bb44
64d2f83c2ac4601a692bb9240e1fe97cf162690f,35c60ee080d39cafbdb2ee3d1199002b97575370
4503af461a65e094d47a62646ac3ccb61b23596c,d4bca135bf324cf1c35c89839adbb107e8c02309
246b59ce264d6afa33adc8dbe278d51e8680ff67,3bc827b8b01981cfe123d1b28f8c307ab038e2cf
17ddd821287383eddc9a73339e36141b55567d0e,9994689fa7b01a8605c336ba97aa930b99bb9d8d
63906902da0038abfd98d54c21c18f34813d7bdb,1df9ce78339983c68420c807fd797907fae78976
93420771d27e44941d3fe9130de60b5522e5d3ea,9e74978de7b5ab2d390977ac9b52be11c9397697
ba18ce26e29c853a36a84ec7b46cdb6eb0d0676b,c9e945cef3a213408c1660dd534b16b3322bdead
6051a797cefcaaff3463aae70a6c18666523ab7d,4461ab9faf04b9b5a42ee435541641b9fc5d25af
0a27170c0fd668d1545821d5340888c320909cf8,f2a83e452c2224e6b12e326be20a3148675fe0df
578be4ff0336f2d004fe1f26af0a331b34886d2e,69029e1f417308954844de44dda2359a1eb44909
e583f2bc63c8faf969aae6bc17ce3aabf6d74949,2a968f6f20909779d94db3005bb4fa44514e3c49
a744ff95371ec2e56821f950ccd502ee421f6e0d,8bf1d519c10187565ba7d0b30a877b3294f23a66
8f82a73eab47fbf68df59776cff46d6bfce73a1e,cf46da5a76bba53a0d3fb80b714415827130dcfb
95a772ffc5a6596467d0419e59ae69423795cca7,de4b379134e1674481fe37dab54036f3992e3131
488f7562bc7e6ea4f158cca2ae8e1681edad444d,64f1d91e6972013563a3ab79c0a2b21aceb6a49b
dbdd662b665c7ef5625439e6bca1fdbdc087900c,1de4145b1b4a6ed2d0ff85c953debfd58364b0a2
e8b60fcaf4949a04860c6f867f4123408b00ac64,440a9d7e7a3729a91f166bc5907a55c46e9d658b
59c054340c156e3e2bc9d22092ee3a62ac661832,03eed91576049cfdb37c9754a8e417acd0c05595
7360a7fb19314ab8f352a1db2b1005c7392c49cf,93fbb920bdb9580f5e8f852cbe8c13adc74649c3
f7259b02bd9d5edb026c5f1697f457a64bccee98,8c6ba4e8dcfb068ad8381ffb626185ea196cd72b
adad069adcba4aefde96ba6b61f33b1ba05c93d1,294b92daaffcb71ce6654cbfd1c6284d2fe18385
c16b405d6cdca5db51c4439b129f4b128219863c,80f6f26d9d2cc5e3ef08b842071ab459423c0a9d
8dcab49f2011f017369b88065704f42a85b9ee28,7d0207b5df3656050a1433758f42cc586a2001f1
572ccf17fea636d812c1ed2fe81563cdb62a88ea,4a0d00d6fc33e64751631d48757a7bf4ab60d35e
f503603e4241fe4513b17b93a1128c87acf7d25b,c81b3b550e017d0041007b183559bbcea10ce946
11e2bb059db95b9db5c2b82a290bedabf0f5c11d,f8b172e24627f733cc3be537d92e9c5bec20fd21
61588e7551511d1f6c017368934d3259ada1a2e9,f27086719525495ab6928b57ca5d59228806314a
53dbb24a783200629bf12c11a7e3d4f5161d0e91,5aa908785a2335069fe2ffa1d515c75c007b9a79
c4b9b77fda3cd1bb8f1080282d292307e8d0ef65,176723c1b4269dd3048bfd37b5554363d4fa66dd
0e23389d08530abba4bbb11df056e62b44075cbd,4155f6e79d8c38cb3c0cc49ef7e02a22edd6c37e
9a842bec8806b844607b5cec72d3a806f6f5215d,5e582ba7742cdf626368fd4f1d8367fbd12fe0e1
d376957c598e99bf05a623d1f5313b8a4b4d6ee6,819727e43872998069e1c89f7afd8fb8e8eccd30
e46d48439811c23aca56b7c4402e3741716b82c3,02d508c5af980fdab89c138cc4411843ed25f456
acabfb8d14557c282cb9a0c335bbcd2b038c055b,e1bf55ffdd93790119694bc6117ce1bf338f0158
1977de03a7a3e962d45ea4e101bb1366f36259fe,7f000dc2caeb1a80a920ff5413df287191a410ac
eec0ea372fb959641d3685440cba4e7f30a6e281,41fe35b12362d4b969746d8e9acd4e3fef6f0c1c
5337348f935c9f8ae3ead96c0359daaa4e822383,2433391c39bee4483222c25c03bb335413c0f699
fc14caa4999f1943fb40f64b06e6cefaef26dae2,92ec0f048ba21b75ffa84d70bc2c159b02c9f256
0ccd67b08ea61f49fc6f5024ebf8ac2ef4c606c3,b0bda3f64569eebd8f2d10648bd94bb37dda4231
64c4c2adf5db8e8c36cdb6c7ef55081d6c4c1cc6,592b497ce14649c3df4598b2b5c79861da52785e
1f6223ff1a6545542a9d88e3fc75bfabb2ecd651,b14cb722e804a7785b73fece1e2b203765d8ae66
5ce7f5589663d8c30dd348b15bc8057625303ed9,9c4b01edcabd10c5f5e3e04108d6f2068bbdb9ad
e763f665969b1effb089e360527bd8c5e5f7ef4a,52ffb652fc5faf41e42805e5f85fc9cc8fff74d1
f944268c14f15bf77d940365e1effe5e055f0afa,9c423121e799fac9873110da609bdc669592196c
7bad4cd6d2d480c4c27a58acf6aaeea58c56460e,c87d994ede5948ba83aee6c9746e4bf456172627
ab948cbf042a22c02dff05a7ed519e340a769ec0,d09d452a990568da069a7abd929f325f639f65c0
d7a495a0612e4502c1d8f000d3c98e0bc8a7c881,8ad0ec4f2c0c884b75b7884c8de48cffcaa575f0
97ae41b982fb11fce8095b3d0d3b3a60edad78db,86b58c650b5d8d71df7b4ee8407df2107349d4ba
398289d0e71717576e9ae1e47474d8a0d8fe88a2,43f374a4016d8b5b8a4a17be3e5854a1c5626293
d22f3d3a0e60a281921b9ef328cae9bc5f3c7a15,ee60f8d3f72d3e72e8ace83c8c318af3aa868a99
df3b4e86a3d28cfe8ce9bee76f0cc5c4d8ab841b,fb3b20520848ebeae19553b22cfd9ac9f3760585
af947d59da9d4f92e6f27c27c86fc41fd14e1524,547349025ee8fb2388768458b13e3bd7b9bc5f29
95f3424c91bcb23095429b684aadf2d01a0b3f11,4bdbf22f76afdd3f0f6d5a484f2a409d5f3ecfd4
7fb9853ffc7e193c2590fcc5f33d224494fe10a6,18b09c0bf2cfc1c49d4ee880c0865838779042ba
5a1a158561e30de9e0f4f11b4fd20bcd4f985367,39c550e83e1e0b8ffd80534c7afce4feec8aee5e
c00657a192d26e6d6b24c7ebc7343a2eb5e3301c,4d26f5d11f240055410da02c19c95bd3e7c299f7
317a5abba0b81ade2965541fa7ea571183d99869,ba1610c8bc854ceebed982bd03529516ebc6979b
4d015d4630e4aba941a108ae5f11fb057886c2bd,e8b25e99cce442ef715fa7fd5d5dad877c972748
7c6e51e0f0d322014e56dc24537698a63e023856,ac3d3fd2e8ed590c810a78c176b69c3cfca531bd
d47c22069a162e781b45ce7fa0a1010f9cddbf9c,81e7f2f902b0a2050b9855e71516f3b59555e754
2fee7eec48a139023e4e5d34e45ba96f9b109e41,335c2dbbc70707bf9b4b0f39b389c795f7dd528d
cbad0b8e4b6f36ea999d3e2c0bad9dcb692eb06b,638c3fa21b12ddbc519836599df8212cde9323ed
5e12e7bd48b3799950285d1d207999b3f3b9d0df,906a4318af60cc470ea17a3c590f4f8fa1ec48c9
8b79c1b9006db2fb164b5c32375b0da5ef5ef8c8,4828fb6e37c66d72b604ef5a12ffed467d7135e2
c2d0896d0967f09072c162e3a0b55bcc1329c32a,050ed642eff73126c531c58422cb7c9bafa1b76e
ca4bcca8f1ae2d69c2680cfd9300f0ef92de0d8c,7c89e66cd3e69db28800da691c1782f44665bbe2
f87d8499d4d96a7cbabc30952eca17e7dd9a8d98,868df073211e598fedca35f8174dddbc0cf93108
67a748c6d7256d8fb759a0f39d1fafc3229b2289,391f2e758b052f33ee459ab4f6f8fd00983ea479
17bda516beacdfaeffa1a9cc5c07c316a552abf6,9335d6c8470bfb4f684ab68522bd7f24b93252bc
0fa43d41ab5488ca50a64ba649c1f747b417bcc0,56e8d7073456a8653b2ddadf9e3139b59a14ed38
2051ec413cf6fb74970032b426510f55f5d1c7e1,a2c009b482ec6babb7efd1d82d6b56ed086ee249
af3ed98a553f6fd994c26e13f872cbd5ce27adc1,8a99c9f7277c619b816c3af4d1b4f09e58a492bd
9d753dea05dbc34ed15a140b5f5efd57d75254e4,923b100a3c8473590f12c9d3afb4030b6020703e
54007e9ad87e46f2a1df3be0f3d970046e8c604e,91b730fcd557225ff7ad0a1f20d06d2ff74784b6
d6bad4a186b96d89414e14e0b5772f42716393b4,6cf1a2a27100683dbe8c15c98b08efbfc8091d7a
a8e8952079fbaf774fa308c1a63c396f2e2b7675,a780ade1cf4f0b8b14c38385317f173b9ffd09e0
91162ba1515c4b0697bc1ad170d1d19dff40ef7e,f18335fb9cff2679099a073743062013acbdd027
4d6058509b2a367ea86fc9d88a36735234c4ebf5,f4d8c77035c12a5b50cd9293ac8152bab7ed81d3
3598e394c83a6d86f264964e8eb5d5dd0f58bf2e,06c58f18b49bc438499689a0860eb0e8bf880955
eea64ad21e09492474d4a9aa74441075b5ce99f0,033f9361821b2bdac8028a32f9bd36174c680427
365d08278023f2ca2e1495e2b963eaf29de3a77f,e453669fcd57367e3107f59e0769f2408198f674
df902d607f58ea20a928657cf97b60c2c7fcb969,3592d5a63ca5d8991fb8c8a15f13fbd4e9ed8a7f
bc5e86290d41a1fe0633d4579bed2c2bd1cc178e,5f08cbbe30f6015f1bf0b90bd2112a5d898dbde0
8f05f72b336162361c786e035be41c8f1c97570d,a92763e36eda5c8c346200503af8f2db58aae14c
c79d06d490d357b2a804b7dda0945999b87b4912,4b4943efe328ab0583d3d02f2c3c79191c560455
a26e82db033bdb5ecf4fe63904649171c9b9d784,17f41f65e9beca1955a91ae3aba78012e342467e
22f4a75ab1a5b9b148d095ff0a34543b2a6b2bce,f88989b0399728187462c19a6089e06bf7533070
570c0442144286257f7b934b673bc1e133d59be7,03ae0a2b53250e51f7bbee1a52abf29cc4ff82c6
383fbb8c55bc6d93d72b732ee063cb19e58bc9eb,dc1ac3c96130e6b28a9381bc66771f83639c2ccb
67472f86ebc91d508784d64a77f5fd77cedad0ea,849e5f4b65ea3b7811b286518fdd566e4151a3ad
b478c35a3d0f45c23d9c3e794d2489c779867b00,224d613b5ff655ca60e0d2e993df88f31a2ae8f9
f052c25d02322cc6b1aeac73875e8a663e5b1260,da4930486ac2fa8006b7cea5f9749ddc3777ebda
7a15432e667658a649580e05eeff8ad15dece6e9,fcf5fadc171748fb49ff649bd100f14314ba5afd
6abef8bb773305289f312cf2169d9aea9329db10,6141938a65930abfddef8c7675350c08b565cb95
2b9505a92c049bdd083e6ca61809b5f2befb9179,cd91a648ca0640efe33416eba96a74d6b131aef9
210708bf9ed686978d549cde31d02ed98781a508,8499d569e1f24cbd19cb2c26b6272f2db71ad9f5
9ecf56290f416ce6e0ad4730e15d18ea47ef89ed,ab10b28cf770c8fb7b2f72603325cbfd3e3ab2b6
daae5f1336263d89e4dd9878622f061d7272c8a4,b35b2f4abcecb55b0297fa76b454332719ca3768
84fd10541523143a56f24a484fab22adaf70e08b,bcd674b9fc413ff5c60c07d70f301c4c682f4f4d
bf91fe0242a8b05d2282dc72235f634ae2f9a869,97c788c4942b942fe4d90b266d4e795495ca819d
a521f757f6f9bac7864213e89ed2a1d25ffe8fc6,0fcd22d81cd30eb15219263a7df08d93094ee35f
f02bb04060ef9bb2a64a418ed3e031f98564b6d6,9ec8bde7ab3a847c57807016adb1a4350a3a8983
86cbbe0841422c0e67b911306e9e638a1a0c2080,b234e42bb3cf7c4c273ff82e16b389538f270a9d
4484f4530468e83d157e948386afa89f4871152f,933fc25576f96086a8d605c664111d21379dbc28
478eafb3b3b6a6606b5bd8fc439cce3cde25bf5e,8f7417cc9052d689e49533b35b847ef8de717301
0f3e222ef00d1a1b40cc28f36c28090a8fce06b7,b06812fdf4fb04427a50be14277d83ecc2976ffd
f129d3e7ebb516311c912d174d31663e5b056f79,4395087a9b1462b4b2a9b516199fb72cc8c6a62b
ea80a524cad25ce73b10ca516b7d8b8aa76ebf63,dce35a6faa3718e285bd33b9668f8ffc19cef000
98f294e5eae07bbc31f4d6a1ed4eac7f54aba025,aa3aa15f18c45e880a61a6c06647fbcd4a9d25c8
2de6937ec45fd69d515ad54005b6dd5477989e2e,15a8f8a0b820ae613c0f6ca978dda71d7018af81
c2492383e13026d0beffa2467692ac5fdfa68060,2fb2de0d1f1d0f2f778d5f23c3ea143ab717f7e1
d5f180f8ce501b2599e4b27113f62382e6634767,53b47c51f3b47171111d2fcee5d629053177d981
23926f90289d445e075b161e7e2a76aadfcc8cc8,4f54b63f7eea9c19d905e7ee8d8d312ae97080a8
3d394b26e98016b7fe80cf4264baa97b3b5b5e28,c945cc7156f4b427e67398928c70169bcce17bb4
52de97f95c2ad848a21f39028ec90dc155f96e60,f1699f703c6d64bac4513a649089855ba3b11be9
4614b366dd1aab96381ddb834a48a10ff01dfa54,bf6ab8a71d6e4122a8d1df0b5fcb8cf4beb4e24c
7e9291ce167125a6005ece48492f34d32bb42749,2d6a0d22eb680e70284e0ea94163dd93d3e60929
f4719aa0f16b3a11e84c9e322eae9cd308ce6a77,c397b723513066b73c6cce8535d1c37335a5ce3f
84c0a08d0568472e23d50b6bf4c8bf4f03896766,182725805ab793f095c4b56b89598f3e66b2a233
c0a09f9eb21115259f8f64b0ac736a785d2335a4,601cadaeb51240c926a879cdf5b155becc04d14e
b4e5a402adbb1ddeec2c66e15f1b740b5fe519b7,412d4a6a5567216f894200d7b3122ae0a5655c89
4099d9af8459c4fce7e058f509482bf6f64f517d,f4c1547d0fc4bad2a4cf301f1c54a20a4f91c914
6f1a579fe4b86e959293edddd6723c006ac938cc,744815666279baef92da3dc6c6f3131836448251
91831301b1aad96b29e2584864cb826dd1fcaa35,7b984a1095ef9b0bd688f9e4d35efc42c85739f8
8bbeb2f44e007fcf7d04cf542e73b42b9076fef0,bbd9c548febc4fe4243fcd03131150f8eaa3da72
85d46b17ea344a818b01a92b2d3865359ad9782b,250b2fca1c84396c2634353e527fd16102fbfadc
d25f17548139cc216b28bf1f498783c0f18684dd,0daff5baa45564f61f634d526b1bee3d28ddb578
47c159e5f5927349c520f5e636e3ad40439b15ca,4bc7cc9ea2ef67773e714ee1b0cfcf817dbec381
47a6248158090acbc09ee4d0161c0503fbb67ffc,40f235e319e4f76d27573441aa52c342ff5e16ef
9d784ce81f07c3fad5f1b0c5784cdcb31990f445,1a4ea809612be785f2a0db2ffecfcc23479ef282
2cbfff5f8d52e393c1e986d97ed87267c5b6dc27,2b5cb9cfff2bd8ed76e5b00af41b4cae18ad63b2
9d9dd780dde73b836318fe2fc4dd7015fd2fdc93,e66bc456a3e8115c3e762b7454c2d0076b848678
cd334380ede6b2f9d45396a945127e3a7b6bbd27,9797e12e4d02d4c1f98b2248dfced28edcdf9879
a1d456a47f27168b901319a188e0fc5f0eb417b9,5d5d3482185fcd163b004203b374391fdfcc2680
91b7865480b38a1fe6f739327b04c32dca67abe5,dfed59397ddd1704bf84f6a7e2aaab12fcfa9b74
25a659f20fce66b7ebaf450e82262ff8a369bb9b,e9524448dd0644186f1b3a619efdcce8f0363371
61ba600ad72f1ace1701db719f0a6d2e36953b17,c4ef15517340d26a237977ed57f80dbf21329e15
a7e81bf5af46ae4d27fcb2cc83d069530828e6ec,91a8fbe85bac4972bb5324513c86efa0b69797b1
baf7740154b57478874fc4d123259ae9da4b2006,c7573cba94732219920473d2f806a5465d2daafc
b3b4bd350b2eb78db5f1a8de1b6ac4b2931a7ce7,3c7bd47de1dc8bf6694c7b1f7230c9ba3f48cfd4
028f19af7ff323546dfc7d60edf8e4a0d917d6b6,609b926d1857ae4e6cf3bc674f2f47c60d0a1ebf
393425b667dcd1d12ed18df2112e75fcf8054aa3,a81b434e448cbd6067b0a3db14fe854d99d03144
083081c0bf46646dd5aafb8bb3c0505c5531bad2,fc9d0f9222e8546063a29303d8aafe456c2ce97e
9f280a8c192b24edded6326aa2463d0280d8034d,6351ee95f079b96163a62b2f05bc41e90c061dc1
2fc091c429055b86d506ec7e1f0f529e709d4e60,829141656fde3dd211c1184f1b33765958c6c760
0c34fa22de6913edc4b92bde155a4b2a372a39e3,769e99fe40b2f1315b96c0bca2f9a306f60193c3
3710857c61b539754026cd46f44dfa5bddff52de,39131d000fce9cf8307dad016035f5185cf66886
55cd43c4820f1246d14612843372c07fae4159e8,37b02da54431cdfe64f99f6738eb51a690acc200
bb8e4b4651ba49489eb0562e20bc40c030226d3c,134621f0b5836dbe35eeea67c8b4dd4146a5999c
87465efb7b6852ce89ae411f2563c1ab28154868,ab7dd277a5485baae90ef1f7255039f62d9a084c
9d982411d768fec1cb411998a6a194932dafae9b,bebfde809c04465c8354c1bfafd882d2d4479ffa
94d5381a1da5218a45a61b81413559acfef5ac51,5389ea22f1c76b087ba7e56bc3e71a20d98a6958
f3b58ab79eb7245279fdd4dda5bc35845626d59d,3512ce9183c37b680ba4c54ec925457c51178af7
95f4eafcd6b3733c3843bfed81635b00180eb442,51213a7ec484d1619ae62bc4530a1ba248c62073
1c902142d24c66ffe52a43a1635d06d72a543faf,39dda4065af175ccc80a7ba6a1351609d3f8489e
e43718f41ca524e63525bc7718b782cc10aa57fc,5ab093ec30eb46727c7117400bbd2ceafde6bc4c
2b61c595497e8d0fc54caf7c2a195cf65a6d8181,c624542940881194f746878f575199b0da28c9fa
07ddd6c946fed9af115f7b02b5112059096397c1,026ba305821ccea84f6c3133d4718b7cd9099384
393b2efec15f466216b67088d5d08b4d182479bd,4fcd4ddd6640e8b0392d84999e49cf04dbf76a10
03bbd7249d33d1bdc04dad4e844012f62cc27620,382bd5494d3328c13dcd4227004d23ffc1220cdf
b12d89715de806956beb1d9bf06bbbb6e23057d2,50c1d990b344758de38e47c245a3668313bc8fa3
0ef8e94d0b1f8795da5bd19f7ccf72b9202f35a6,a18281f92cddf670bc4de0ef8ef4772900fa0b5f
7d5a4764b29837438b3ae2bac70e977c6011f14a,b2bf020b6e27faff5ae030df36cd6f50c1ccc48c
ba3c24777f81f5380f0be5420552315363095001,699d380f296a9169979e14e9bc109237156bb441
00e91d298159a9013804f88e6d10481d900cc94a,7d814ebe546558b93cdb1f712b3fb88a30d56bd8
dd28ecfc4373d699dd7fbfb99caf94022b30b56c,1cb084723527239c12b4c624cae7d3dbe1562098
696519cdad273bf27dd5a272c84fa86732bb4851,37ded3914146ac8fd31ec5b7d4df04b42575d41f
a5af32a21441b8bef87364f7258c0d3f98f87485,8b361b7348eee5cc5f265b208fa942c9601b4b2c
892464ea822d5fd1ebbe93ff384fc1539829e0da,084327aa47ca42595178c525b091aacfb1e7ea2a
cb2516689ca2eb1a4f105f38070d32090915d3f2,8c72efc7e443fc28ec75659fc57ab03e8a84142e
fddf395b356618b0dc06ed88045858a8ca8977e4,44781076659d8771a2e8b4e3471c0457cb659c79
32a969a6847423a90b723187f6f7c516345ac53b,6b2a5a331411f8a8e696c9241eef2c6b8b0351df
cee5f0190f6906c78d0b26342eb828157ce71e2d,9853ec096c735a7206a1a95a32b153df479ecb17
d9e70b2f7baa00528acafe1d8a9296c8c44d8815,45caf738afcd60854dac8416e1fc68615b2efa5a
ed682220ffa7783d8bd48616fa2cf580d7a41a29,c53f52692f64a6b17af988858ee883ec764c3355
38a146dd1448c96f0cbc79abd017238d34b04718,e0fd3c9d94a29a9d105eb23324e7f79ec5b760d7
6874ebaa5acfdbdd2da4e0041225335a12bb46b0,ea94521b0b6502aada46aed7e8c67a5c995ddb4c
16b87dfa5bd44b83a3182f183493b4db3ea91c88,3ef8b087c788038eb8a53697b8ad277210d04496
14b0975c106a1c2cd5386fdca1dcd47fca122275,912e7f7833b885192210959b84958bc3bda88036
b162d7b75f932b6da8ef4be6e2d7d0dbacb4d1a7,57bec5bc7362e8b5fbd799b2715ce80acffa86a2
22d2c80ceb2b76f5731e67412b6b3db0ee2a9dc3,f0decf4b9b192d23de1c6d7288593a11ec455124
3b351c8fbc95bf053b0d61be1ada64857aaf0458,b7b84d81a1516ba780f2bf418e28555823dfa1ea
4f0e51f952ae53bd884678798be44181da515fb9,2ae6c27679fc9626e8c0944785c70daf11d1cac5
d2c7b5c70bc5d2b4a6017e467d896d3cd7423bda,c62375746227f68640913603f2352ea1e5ed776b
c32f91da7b974697009b067e9760ff85741b9374,852e39e506d67300701e491859eba4d511d37390
187878a06fb09a5ac8eed5c919230f417d0a21d3,736e642554e01dd3c80d4724f6ee3171ba034eaa
01fc530e7817a0d7290868da1529e62b13c14047,bfdf27b253ec32cd57f5700f823b53bbccc87aae
48dbcc4a1b4094a7e75037aa5eb27b981f8c54f9,efb3241f07b87f52e9d660aa886524e101c4e16a
1a030ae9674bf03e08e802e499280740cf0ac84a,b1252011a076363870c85ea8382b3c6fda0fd7ae
db9f24b42ad3aa10762dc25229d4e32769bf894f,17d7f09aa0ed0978dfacd927f86f6eeb21e0675c
22fae4c7ef3b43ed824a8645b648283442ffcf22,38628a5d6048a35861b7b68c42286143a55fb086
be33a6335e3b6d0067e3093827392d85e83adb9a,fcd11b3f3684429bbc03922cb7b18f39011985e1
626da3f48f76e57547622d231906191974339208,7aadb748fe2e1096584d6bc92387a7111f3816ca
2ed0a735028be05c931e82cd18e3e7f6f2d77ed5,61792a7e4b742433578ce46829a252b14ecd0377
8b101b526302f963da86f91eb69797d9662592a1,43abdc6231bd449d205ff0f347f2bbbc8a2f5051
d252e782b38b465e32e6c019781d39a0622e483d,e06918fd6a9ea939b1391ce353b93cf1f85d817e
de784e42dd99d5f1de79c48098d8d846479b6931,ab51b024d1596a07e2252ae5625b5e87a2afa89f
10bf771b57dc0138ec814cca6299d65f338d6ccb,1fac526f7a2764038f18517596104a8e7166147b
bc55b2e0c6922dd788aa1642f0447135ea7825bc,2a683f28a991ee8915931849b5f6fc314aa9460e
cba2fb83ddc3797e274282c48757ec62bb88e70d,9d08403084d568b3377b94bab1eea07938b12574
67bbfe3512ce64cef1037b957ec82118956e8f41,6f677fa4298e2c88ff3e636cf634313f6826e554
e5a338466fe962a0b2cef3a3a827ea32f605f94b,2fed2dfeff1b7535e80de6e3556c94f1a506cd56
4f3a1978c9f0cb808ebd3801dbc7746c8e4d1851,5a252be5e9016c1cb60d4aa5f0ff1533b4d06907
3b64124de4d805afb698be904f234c77c131fe5b,204cc3affdf9ebd78aecdb2c319971b4d5571ab0
9c6979754033378c00b1c37f5b87c35b36332f89,ef39cb93302fca4ea319c74c3d47c0f3f4220f01
1a542f6d06c9ffc90f25cf5072f4f9f9b39c2798,b5a16b9586d2461b3f29c1b4a72446481efb35b3
ed1b16f72d6da53d6c33d801e1225d935caa9b44,8d14dfbd55d573cbe8b31c2e147f800313001de3
e14b4e228bad694a58d1baff09847d6620bf591a,90d0775fa58b73cf487900191416533c0a06a09e
9206f6fbdea8f2bc0cb053c7733b951a3052d0b7,4b735e834a9d48170eda294f6dd53f89f01d5f9c
e7074a67bdbcda2f5f2f9fd4fc2a71d3734d890c,720a8fa0bb1701e1f3c4b8d31aff31a3744f833e
13af94b62a8bbde336d4ae25bf9476f81e2bf5b7,c1359a4f2a08bf890c93ea44dfc48c4c8a295e18
ec5246283baafeca3508bf6e057102de06336440,097bfb2b56f75fb07fb88347f005a1ccf79fe61e
68c23bfbb5ada3730308f518ab79f89ee8b7dd6c,fbe448cf559260a53831d77518d5651b97746817
fb7e0fc1870ee16cdb0aa1e8c06c12d76bdf099d,dbc2e5c5dbaa3bf23910973a0622cd9b2947e3f4
99e9991d66fc44205e4af0598b7e3b6091519ba5,d81705ce5dd53eafad24ac2ce5b7e7e506ecca4f
07a61f12c7c7d2c247f095e30edfb4ca1c528d6c,6571d3bb96a840571750fcce606c60dab128ffe7
54c49a565e72cc3ead5c018cf4389dff3175f3a7,8bd3af5ae1df179739f2db9e5a736ad313bfd481
1132551d7f58de81799882573ff6279977168f3c,242f036c7058c146b99ff21ef1dde058d91f677f
b3756301140a05c1943060e20dbb6f89bf947e4b,2f0b1d41d90a853ba8c892268204d1a81d542c52
3bfadffb131c2dc55d2a5ca41831b4ef739bc96a,0f50fb0aac912953e656bb654fb6901d55031007
05de3a51e9178c0895d1aada4199d85881a7c2ad,2c1695ea0cce554f7f3168a0503c8619c80a7435
77f604943fd8663d897068559ce99dd2c67614a4,fce6224bef23dcaa622513f3529cb5a651a95b65
87e5d0398a8f9cab8bcfeed69410942866ec35ba,1e15cec612cdb94d659e734a0b58281b1f1ef19f
f68554b61f6c08c8ae000458579ec6510eda3cb9,67b1dedb77c3723ccd1a8b4793784838719f1017
87e9f83fb2eb83ca9f5894a6ac45366a1135cce9,a44e3b6876da9b00ee9e0d1e3d6cee80f6d39a54
8e36252817964b255178f0702b7aa8bda30398b3,36e24c0bb4ba34f9369c145b5253c214ccca877a
f82e532c2da0bf34224b39297408b05a4ae7ca41,53dd63caf688ff7caa272412b9b06ce3667d2e89
9e5148815ac1b7e8da602afdc39291332a31cd59,ca998d0c0237a0b2e8aaaa65dd30ef092cc14a92
12ab23faf885cea899e5243c84a79527163ac4a6,6ed36d1cae65885abe6dfe0d84db03371512a819
84cb3c83e4edda7ade77e46d8766b20c77e31ba7,6d1235a155dbc2d96d1a599eb722ff2053ea2b09
98e45fa67c9c513dbd9dee952d55ed124634522e,317ae2ba43a14285f83317c90251ee5cfece9272
bf97e04e255930fa0803bcbbc18509039365b8c7,373645f8f30514b7c1d0e47d0e46840ed5441bef
427b1a7a12ac6430b9092dfe900b5fcdf4c9ba2f,1efc49aede42fc6ca0e3f27e5725ecb09238ddf7
9b33f7ede5ffc1c2d838dd98a05a0e33085563f2,59588e8a85dffe43ae7a17da6a983a5ecc21ed37
6d6de203f484a2763656f248ecaa6f9a59b4341d,38429583c69e8f3229870da755cdbfbede132b43
a31dce30307976cd6a545f8d2b57f82680efef6e,3401e7c04346c71bc990c8cfd79ba698f355fdc0
781d020aed633380b6837557e0e1383fe7bb526b,2aefbdbbd5c514b7a158100c1fdb5aca57e81b07
391272b1cd8d5231afd50ceb4de5785205ffce1e,f4362e8dc64d0da87bc0a10a435f447c7f8d835a
9c4cd0d42747d161c20f04b7c227d487d4d21e2c,c489170cd7aefbb4b8d88426f3686bb630a5d433
d05d19c7c62c4d4dd81f12779bed4404aa73237f,6a4f17b02b6b0009e25ed310689d4539e2895eeb
0610a86790c69cc1bd9de3e36473042fcd688d35,4f2f55dd29100544b1a7697ac0a8242c2d3f1da3
e5caf50f811a056f92e2b7fdb0f3e98c152db528,a8c1bcd7ec28804897f78bb7428e728eaae7a5d9
a4a6b0edbe1b0bdeda0d82d3f32018db29688d98,75239fccb214f720d715ef7eedd3243229f5878d
ee3a8dec6d7b54ad52ee19d34e84ee42eca71f21,cf63f4205975062073ccf9d25202f2f874a09e0f
f6f37e75915a24734c0b3cf73d14a80d16496526,803305e7074a17ac5af70a340262c5fd2f19ef1e
aa910773d8dd81bab08dbc63ffde698c8042fd59,ea0d261bd4ba38313220f201a1b402d700d49fcb
e3f8e692137e58e128cf5c95116e2ad96eb2ed7b,7bb33355d6a2b02153e7137b6a18d59fa5dc9522
07520998ef17bec164fadb185a458e4858272809,a160af87660654b2088a334b92ae5efb322f4256
389a1e44693f4e7125bc68d45772238e80670123,a9e8cd12af9c813b09dd5ce11c1a21871eeeab86
c31ba16e781e3edb5f56b44482c86f19b35fcd5b,664e5e503cc8afbec3b6f511333deae08215d571
751f2707876dabc77c3c2426c22717fbc232862f,2d4be69b2fffc9a639afea64bb69da6c6359f35d
61acf80e41788cd66a80c650e2d93b114d33afbd,e904ed2585d0ed150a1dfa96fda77f94ab6f42b5
7e232e197ef38a8a7fbe188e40248c2e1bd38032,c8837fffde8affe38331617ef6e04188a0b323c6
55ffe6164a5c9e17353815fb1d598be7690be6c3,2ca64d35135410fc92fda6f50d83b5e6b46e76f0
b4d87e3297191d3a32eaccc3fbcb9fb8eda9aae4,336ef58ad66c2d807c8a38156467590d3ff78584
08284f3f7d6133afe34422911f4dd05a31528b1c,3aa5664c8e64b2404f3821957a5982a044967f7b
55d082143ddd0448c1d3414a8fc4e17348e16a3b,491c70f4f62ac9d49d34648fc2762ddabd2146a7
994a9229b7d214e48f21f1dea3f4b6afca2899da,e10afbd3aec0eb757b67a718e694292f02d8e264
cd4f5163a2e7e1c6b24ab592b3383eff66a0f8dc,86233416eaad486d86b4cd578f834622efd9ba09
88a074647532c87d4b2118425e338203e6a61650,c10bbe2c207de994a8f8b3682e1a1347d2e0b045
9932ebbfd6cb3310c2787e39cc7af3f718560458,5b0b5059bfe35e8ecb9025dfe6f38e16709d6d3f
25c3a857320a14c9cabc53eaa0d34e4f7e81cee5,9073cfd055c8e7260281583218097decf947b639
ef7703f0126b296f27377d269108a85dc055c115,2948f913146dbcf965eeca199cd552fd77b80ad6
5932db545421cea969b582539c556ef8c4a0f5c5,74e52dfb45d73eb18c0a7e82dff798143c8ac576
b517f8727d08cb6a7b7244dd9d44d19dc1fcbe21,7861b77ec48a7431f50b060521672ff1efe504d6
974b1a6116835b1e8910ff9deac04f8a8c838579,70a0cfb2a7811a1a76109d661a7c4feaef31da75
a42c96b552760a7e8757750fb55297a9c2a90ded,3ce5db9a7b017a92e7600328313c5dde5626ab32
9d58dfee4f4d172cb54e0e60c7fd3c830d45b516,651d5f61a3823a733cfa65dbf8e33dcb24446bdd
cf988af9a232ef3ce65661e67f9279a4a1f9b2a5,3528ee9983d7af072a31dff295a95da0f7af344d
92c96c6f6397f286e8e6b7e1d44d0978dc2c7797,a38e5aedd4ad1468957bf3e1733ff65f036a968e
f8010ad5117a3e0485f65eb975eea84610a45bf5,cf0af18699274321d6a8523d7596d2b8b8f48130
cc039620404b57c6d9bcd6bbcc1cd3a9149d3b88,599ce80c7eddfa6d64f89b39f4a525c9295db884
e87d037a271c664ff1021d5765f8872923c0ed94,07d07bbedcaba55ff4a265d55c777ce20f935884
56555e266b992bd76025ce616077c4a53caf1930,5b4d98809c5f301f9a87da09733a9edaddb49979
77396be15fe5c01154b9530a1df95b2d5a8ee1fc,19c0fa9ac556ff1f5abcb9f4152838d39b221c5d
836a97eb6ac1bda54b79f90419f65ba69390c5d9,689c2ffe796fdde51d06aeebf580dc37c5ef66d4
b249fb4e7bd5ea929b499a4f0cd29c5a04aab000,0baa53aecb4de802c94a4bcd2db1c4fdb9d50d0d
9526f638e279abc8e8e4de90bd60d2d22a617e4d,ac97b83e9cdb3d1b7a905d1b1425d67264f8b769
5b5da9aeab00fc1ddfe2fd1a76865cc94d1e8172,eeedad216a1f603071fa601c7c4e915309dbe1bd
54c8f2e4da40d15cf34cb19194fb08b16a804ac0,0cbee5a154f1c1f158839fcdfe288baf7bc1ffcc
0b5d77086f1260c6d45e3274866fb7d669da7915,ddf9824829b013a1486af4c21bf3d807fd586e70
dbd9a540c6567333475fb974c46ba497c497b9d0,22d4f8444fa8cf3133441507070b986418452809
b972a216bd127a3b330fad0fd25e15f6db27d8b1,c51a23ac974cb84f0539ef5099967ca6c759fd74
f1b0cbcbdb55899ae76a096fc444a1b5b837e858,7deb9530a3c66b13cf9e6ebb6066a6c97c7de36f
dfffea352399821b2ddcbe911ac9947263238f85,ad225a38bc73c277f4939ff86c6575036fd787f8
9d84372fcd1d5c077d345bad78fc22027b10a88a,3c6799e145b4c4f7999efc7e10f392c59f19808f
4c387e645ea1c2803967b07117e8317d33d38aef,75e43bcadbc854fc1af71e5ab1e14df7b1296962
8e9ac1676a8593dadcad9ce53faccf6d6495bb0f,24726e77c7592580e44f4eeeaf3126bd2bf04447
3c94af3552c1de9f9a491da86fe037e0a9d335e0,180181fe61c5ea83f908452f42a2f6c2eb1bf9c2
2563dde6746f93d17133ce782d6cbf10b76b20b1,388410e756f8dd71a6a595663789d7f7de87a2fb
3af894dbee26ab14a945f55f2da9b3a5e35c761a,8866512f623177d20979bcf26f94c8cc253061ee
ec6b3ded7a625067b63ab3a35e236f0355dec347,81c40fcfb83ca0eb5b0e0af3b83975af5413323e
933844e28f5ed5f5db7cefe17a2b04117c8c4931,27b3606010dc2a8a5f38ee22112d71926758f8d5
b7aae1a3911d05c173f26e6d283f73d20de4e4dc,86269227cbb41d5a371e710589bdff6559183d02
b80bcb236cd70784c0a228bd183b75581baee44d,8d15bf36669717daf4a73e9f86894f6fd00de131
9e8d0c617eaed1a7538f1734f244cbeca15fc5d8,3b53ebcf26fdaf879d12ed8a6546513245f0e0c7
9ff74ea4e899478ed773b177e1e34dc98900db46,d3cc1937500b7d1645cfd4fb3a784bd5874a6d16
6d9d0a71c86f310a49dd94be87c74d55c8645545,e90d35d9e940f3342559460679a498c7147713f1
9745e20e665b82fc257afb129fe9ad41dacd9eb4,b4feedd35fac9ef28595b98ff8ea278cd73fa16b
6f0dcfa37157e67fdd33fddc944e0d6da4436632,ae22474434fbd819aea0ff0b11cc5b5dd5660125
dfdf39b2e1d0b2ff089c498c9f59acb5a4802c0d,6c418b8b445fc22e1e7334b7a696001b25f5596c
a9dc1513c9094f200f4b485ee59991e6c0548a12,414f57f19292e798792515c34ca971987da10771
055b23b7448487983c13130ca5f82c12feb9e0d7,1d1240d54ee667385f6000a0432c1b53f5b925f0
6c32d8072b76a3109c9eed828234cfc1e3a3066e,d4fc7234ed605f43ff768f05e1f2602ad9d9eb12
af6473379da4316a0a409b2a5ea9eafb1d893abd,7443ac6728c6fdda1174a02e982f6fe7b4ef75a3
a5d2298a229c8e13132125d0561963c5ccb350f6,81d796cd320f74337847d20df14454fb274907ef
2c9f5a25e72f1efc2a043eec7d914a04553d45d8,452c02f9232bf47ca9586a6e83260011425d5c04
d04038dff5fae8be78e2e393f20ea90854c35895,b35f2937233d2d64b1db76930b3311af38390407
94f37773353a6cecad240a678621da3b944e4d7e,676cdbbc4b6e6e52f695eb120305ce616083b7ef
05d625f3938a7ec1b9106bd1d3634b9217dbdda1,ee4f19b9302b612e04df06acc2a296d94c4f6c4c
adf4abd2d1ced4098ba97eb8401d0d727aa65fad,8eb3dd79bba60c63de48e2d14c0e598d7222b245
15a2e2db58729aa67f852431fd9b10d13d0dd674,5f0228eb72e3a1f3ed8fe161b779ba5f719444a6
4728262b3811908da19e258975809e62a21d0422,e9b1799e884db2a9665388d0fc64a67eed51d98c
03b37831bead891da21c3c83825f98e3fc62079f,d6fca9f5d58c80dfc4728bcdf35aadc455c0608e
def5851a022f5f49c3c1b5d154d165d1918ff086,81d36b0cb1e76068cac4440b29c037cc9b92d8bc
e1c40b5dbdbe6a27cf4d37187aa68c5466a04cf3,5edbab6aa3ae38f54f810676c42aa042eff58892
cb4541788fbd6f898eabf400eab7e3916b7463d8,22f684cabd4cd140dfa2557f3d6389206b399e77
a895b672f7e8a1223e069b22e3b2892d38318da4,503aa4d524b8c8992eb96f0fc899d22776eb7919
7f97943d20aacf178b1b77d321049aec2f126aa3,4a8cc3f267a1df46a7999d3dadb319be02a7d2f2
fb16ccc231e356eca4d55b28ef3da6c141376fc6,075960cb6c9f53935feb114caac3ee9e5430d038
4ed2a0c3f1832b6a3d9d4adc61cb1602726cf046,e1fe4e70accf4f73253411d34485636ebe907ed5
65df64f81c630b9b3bc4446cd4133ba7c33a517c,5642321254c9780da2c0f73fd0a2a26047b18fb3
af3d186a7cb09d05f5e310fe2db11c434d11b6a7,0f44f11fa3709664538ec2afd98a3e4133de3774
c026cd32c2b7caac6a0c15e4f3901ca50dc7aca9,7795fe882f514f2e951682abe5ce35d15dce1dc5
c38d3a4014d9a7c4d42a83a91ff3549cc7cf376c,9a6b218688b51adb54788e68c66d4bf34cf30a44
804673cc74ee29ff0cedfba33282982e2c64f5bf,8898306aff788447f4b54e98e055c249f91085d1
9b7d1f8b1e873a4f43aeaeee90b83fc8ee9ace57,fbc217c3662ca656be64672f1225ec48c3d69380
e6319f20ef1078f63f1f1082c83eca74433be679,c31c4f6aab84e351fb66a752d511331feb7e0a93
f271973ebd560bf2825c6755172f8ba8bd486b90,684a0fb9bcf32005983ccc083523c4159258451f
ba36f91d2069217ad2131b6451c9466a13fd70b1,775c717a394b4e80f4036b8608db61906cc5b465
9b727ccca0360343db2a5ba75f18a81bd90ba83a,b4d01393312a7637efa223a0485abee83592a8fb
eba7e2a921bae2a31d006e26c3815a2973a7bed0,21635354f5e4730de5c59eb4419140eca43181f7
56a3388d9c374669052259026be9f0126e8ad704,1153e250158431f35b8ca23a5f91ebdcb1064724
191087eaad4617692483f3e357cbc479f6a9b9b5,47cb804d69f53b23b21baf66f7a3f7f6c88e37ba
45e90d2f8ca644933f4c200f1e1294d5d43d9509,b00fc4ca6911b91535c7ed6de07693b52297917e
27cf44d7e3322944fa74c1368b6dee4b16885ab4,019defce7e7e7ae7ef77d22c1c9dab9c28b4cadc
e8f7e9680135a8aa6cea9691e5c21844d221f576,0cfd3c81366b99ee9432678167122111dbb6fd00
d50120adeb5dbe8ed58205825c35926260c7afda,eec0f3fc133e0bb706d46a1747ee14999446cfb4
d66fc2210c4a7cf4b0da2f184a990bea34dfc1ae,c373c77602060430afd54adfcc917fc3dc8952f5
a515f52206c256b028cd760de69aba7a2b1e322a,a175c4568b792dd0bae393ee1f82c5420acabd98
8246fbdb08a8951e2046a7cd002cd1874bc7bcad,efe02e0449651d35cd16a75100708e5f4dffaf3b
39df20b530ba66e98f7cd591296e4c3812e51a95,8d1db1d6c8b79534286d13358eac3ab8bd455397
daa793939e6148ae77a7d06b04f0ad1d054244c1,f63b37c010b25fb3a7610d59ed4b0c1b41d575f1
e3c16774216dfd0c6b4738e6c0c09f3320f177ca,88692de7424f78fdb4eeb7126e1fd8df51d22fd7
0c63bd3b03ebc8a75f565b4bb660ff3d5bb2d614,55167ec381471a8ea9f1ca711f8e7026bd4cce7e
631b112f8b02d0fb5423eb398f77e872d1c33e8f,4e48f1f9b814793a7de74a80c461dcc571e97e98
6234568ba9e5fe4dd59d8fd2adbae17eaedaa43b,325935f7da71bc9c117094b5ea18f4fd4540445c
b8553dee0d8ae7ae73017b4dbb4fad9347d35090,3e9d860d38975dccda1160918f67252e1dd1b8f7
c8027c15a8484d76af44949b81d529df91c62779,8e361dbca87bb11cdbee669b2493389e5b5bf8e9
725174a65585c716c77e95ca0e4e94bd9d2ea656,30a4dde1974e1d1ae2d5cd48e389f3678e8e9e18
8332446b6369c22de73f53b574a6f35fa2bba113,81a367df0d4caebf57a0a784a00f0d417ed1c889
14896425dab9b4ddcb3344fb82953b517547ada3,02b8459ea622f8bc00b563da74c281db52dfa040
b16fbf13c205b8178ec92aa06932195a05bb9eb5,346cebfd15a1be9e908d737e8ed4bb8dfb50f5c3
8200d5cc4e0c13a08f26997176e24ea1a339b379,a9379e827eacfd4bca452cdd24d3b998c9b8e5c1
dbdb685d2a6f2e522b761150bdb8f5955c7bace6,08baa1543b642d5ecfb117ab4b6a7da50f6f14b4
86390a2750d831981752fb273ca3f44f9d303841,8a7e0ecb4c453ae321d85ac13fd47f1db89f9167
19429a561a679c16111855dccf6cd1dbc39223a5,73f18b127c9cb83c64cfebed76fc5dd25ca01216
9d1e04922a0834d11e0fd527b473b2920a756bc2,e4f8faadfd8003e587a18d725cbcb72ea66a7db9
2b2dfaff7fb332efebc01983add5e5fb1100537d,91cbb92863165a003231b43ccc4172f404bce44c
717755e6dc4e8b5fdea4462ae6d38a718f56be5e,abef1a9edf5002cccd7e79cb9800e5035171a59c
d65845d3344568a2759c078909f82497bf722c4d,10433f40c984e34731128eadc201b15cf910dbbf
d6731ca8588b136029cbbcbafb96f78087946995,d3187bfc36aa9adbe198b4e90d3e23c6b9cd4011
d34e12ba4c81e6d71e91dd28fb5e647cdc90f9a0,1a3c21ea606ac05c9b49cfc95a4dd407400bca91
219554dc8fb0b57121d04d09302b34699fde01db,20ff2ea8f57a5d7fc31d222b871a7a8e8ee85483
c6c6644062495028dd61e36661996b8f3602516f,f0d031ebff28e3d6d5123927ce5532d63bd81f7b
2a36ee8e896c1e215c77a13f2d64ce82b198c353,3532e757c7bfca0686d1734979e4781e6c41acd8
fb7c972638c1998ebce0ecd4fb5e072f3f110ca1,92ba4c3b522de115c69e1def6d91668172f16820
73276cb97043a43e11454184161de0c0d8c19df4,27a2be0c982f2ecb427f4cbcb578d7d81c7ec9a8
3a6417863e9b59479531a0a044f1ebb5daeb09bc,3d5cca16a5c9795694c0fe4714376294593e2f69
e5f4c533b479d86680c4732ab8f2972c0641d0e8,fc23adc1ff0bd1576eef6d17e4c0ee06b18a66a7
9c4b2448ab12760468004736ef6f4a2cd5c8b965,4a932503870994f1ecc6f80160b26ab87f25df39
4de95c753e67f481d5ac2767f0ca781cd5b53082,77969ae3403d6f15534810f25003f76cce9cc632
2c4f8640524fdaa95f8db550523700e670d239e4,bfb0965eb5311b5210f3690940261b10b8285124
abd72ea2a2684f1c39e960dd629236f279989799,6c7177d63efed5b95b1aeeb1b0b7c85acdb90198
32b3e202013b40f590ff5fe50c06aa70f354d332,631a102f4b456a009c8a6277efaa58ccc70bff22
e87148cc894ac68599835712d5e65fdcec669cdc,6104a2074d188102f2ec06d088c577a90aeae78a
1db957d9730a745fd27cfee4ee8cfa9eb0c78ea3,8d6d63638f58cebcab0439bff94dc25b5ebba4a1
2a54f03acea218e3566d3878355981929a834684,fe17b4e7684ac9e4aa5a4eccaba350c97b327e56
a8db0f34e2474e6ba9712f02547ff14ba86a1195,539f9250e1af03109578fc08c45e1033247090fc
944ef8d56a12fe296ee08521902be2f812ab7702,8b2ce9ba854a0134782d6504dfb6535f7c0dea40
6bd466a37d188d8e90f74dceb9f9b517d5f2f68e,18c21b4d1ea109651af854761aedebb7149706c8
76db0fa855a40086916a47f15b3b31007438c4c1,1fa7ee608761970376df8ea5d8faac355b068bdd
e6f385928978c5eb68c302e4dd219344c3e3aa86,00a459a8250e519695584b8c5972eb74653d8b9e
439717a4a368e3b8771f7aa5b2af12a1083c48bf,e3074ac55bae5fd0b4076f5e880e8cb8f3fbf3d1
47d3f8bb818f910cb9f69ec094b76a75a619ab1a,7938ab7f52e01a87ff847b617eff72bd72cfa45a
69c4136ecf102580fb9dcd4011e858691f288158,bd788732239ac76801c1e0b7cc568de0687fd37c
d6741353c9ac7c9f29c6fe8217dca7b54a0a9cf3,23a26095b1a50043b1677c3095ed5d5d8137158e
7c5dfc2858a820f84c3b947797c0e882e52f0507,6db567f346b008d00779d546892dee3997a0f0bb
7b317d3bda98beb7a5d6d16680caec0d903494bd,9d0a30834d1a01396129ed5301461bea53883425
9dab2faa5c007b68f7ec9c7c7f5a9d43f3de31c3,620bc4909a067729eaf798e65c0e261fed0cdfc1
be329de99d473f09779f2b2d41307d46085840ca,4873cabfbad5a54b257d1c0c5514dc1aa4d4a039
d68402ed17bf309aaeb2bb4389217051a6efdb7b,2268292ab4bd4ce9a2a8d50d78a9cb7ab3fcef79
d9b6cac5b50f52809db7f00f9a4efa35adcc26c5,a54d375e260b914edd7d52ab6e4e565a7aa2f478
5db6e0d3d22d9203c9e29afca8d795f6d3433cbc,5e0a2178c8e23e90b7c9eeff3e27977ca7051c6b
633ffc3e5432cf92d56332d4640a30a7449a3e65,1cc23ad6e01a9a422f537c72f0f8b1a728be85af
4e05482632fd24129f864acd1946385dafa7ce32,56530ed6b5d76cbe238b6de2180d03610db5045b
a0935918a3a26f9190fb8f356d9e0c579daa1db7,d559ecc2dc39b6844c6ef0820e8b14990f1067ef
06b3647c56a7110a6247c70121d9e39c524373f4,e7ee2f69980897e27348cc06fcf933ea7224331d
f632da3df75bbfdd241554f3fb204718f7690f37,2836199edd48c8160a03b30d23c04eab67328e8b
b213bb04e2dc7784f30a1f9dc7a96279dbaf0d36,3583591753c1174486b2a54c4184df9e6b8ca916
6461f0a32128342fffa9d13971405a80972a3462,1bd8fccce295a37a1a19b6e82a55dd15d7cb0693
49f7a5dacb401243d031ebaefaee471b3e10556d,7212e5279852ff4d4fc281fecb4cec766e758347
d1a3ff7339c87b8e1e4a66ec7c8168f422c0cca7,db534535f7458db368b3848d337030dea68d5e5f
b42860adfd56c0410eca95bc7027a8b8db17669e,a6fee9791fb4bcfd8a004711cfb8d9e1b3b63ec4
757e5e5cce18a912f8dc74424de28feb4ae81f0a,4597ce9f463a6631cb000af578e829347499a0a3
9642913d0b007bf429f1e1059542a18b5a27a7ee,04baa754183d8e1b914fcbb389ff4149bcfd4c14
ff270f772df58a0764d85ac32f46a5364ccbd136,07f64717104588d10bf3a3799dca28a09d794425
413ad8c8657302555f2c18d41aa52f7e96a27095,84c7cbfe4e9ac9fa89e34549f33a8eae6e5e919a
7613070a73770228d3ee3cdb4baeb56dc2a797e4,e3e3ef234e650cb022df87aa4128708a8b582a5f
1f688d0872e928eb8835d693af58c1b88823d6d3,45db4e5c28da559954c2e18594d6ae95288b000c
366a05ddf88dfcdfa4a9f35e9a17204115fdc373,8894fa04cd9f3550dedca17ca57c92df010852a7
be88deaadec09857d051d1d31ea8da621d60b428,c2fa296550bc04d25b8b3cdd56c15bc8f94de541
1c9d25f52d1e8834a14bfcdfcfb90a59583c01fc,91d1c2961d81cf1cbcfdbe7af2b08af5b90ea29c
149e06197bb1c0788f326b559b93d380469d0986,84c1e3ce6905ce8b046c7cfeff9e1bdc3d0ad2b8
4ab2c08cf77810f8f77a97a4cb19138915377d09,1a3d8416b2e06273a115a0e2dcfdd2b221d23a36
97ff41cf29598993a4e24071a5a9146a6868aa0e,440fbea9c625d361fb8355bae30aa0002993af10
4026625cf8679486285693ca4cce9e4ebd81f734,e6231de1e8b7870c6ea1de28267aa75eb0ec58b0
ec1bad711ac918d91ba997dc543543cc4ba1da5b,33b7a614e6b2f5bff83047ebc559a9998cba9808
f71471047389732a84d1661a1012d73d4a3fe7a9,603ae47b695339723d81cb1908aa062931ed62e5
36104d797153acb3572e5897cc7e7beb922ad1cf,9f180df650bcd0ba0fd207a8ba3a5ecd113d5d45
ee70d1d356937322722688a3c71153b7960ac504,1b1a64e767ae3a8076e9d4ecda1c11d30963044c
e2397e22965063a1188f8327c5c2965af47e1560,be720b9b9cdcaa5be9b873f89d17a3a12fda228b
ce43299077d0680a06f10254f3173e43f6cacf47,21c988f97dee07d3c1e014319beea9a4be68722c
1655ddd77d16d6da733e8f45d3c7dd84cd4c54e2,48bc9517a2d25638a430f21b6196a59053ae4a0b
9e98c9b716891181499f48b730278895ed6d8600,0d7de58899975758c8e905f102ea2927f4e68f1e
d29eb3256c670a9ca588522744e6f749432bf5ff,8da53dfc330d96791257ae2bbdb6df331f9f6e48
9d6e8f687a0beb719126d1678eccd9eae5b0e215,6cd41bbbfba1bc4be90703739077337ba5dd22a1
dd664744f8e65476304244272007652682f03af2,4d7ebc3851370cc5a5f9329dc447df4f07c371ab
7f7b61cea1621aaa5da64de38eb958342e3456c0,82bee643675dd45352633a3337c135b093eaa7b7
14074556cdaab930a7d2ed6f0b14d8e822b169b2,e7bfb02974c0be3eaae917120cff72f1ffa0418c
5b00389ae4c5ca1a19ee0b2f5d9092934ef0ac44,26d15beb7812e108305c651fb0812cb4bdd399d7
84e1805882f2f470f68496487b3f941aa5441b2b,823e74bacb3dcbf59079d0738802bd5dd8e074f5
961b9c0610e99489692dc8b81beeddf415fa1408,3066c4731e8901f8a912dcb19db7f7a44109f2e7
7d8bce767f3e30c7568f98d7f417fecb916eac10,55e5f663c6c4c60f4d223463e4bb23c2a9434e63
53497164e1086bcac3ad94d61360df34b1aad4da,d354e183412b6e7b827f1e4af2b75c8bc64338be
09ff14ccb6efb18dfca4d3e498cffc35ad18d6d8,d3eb4d7c520d99263ac8f2f0e60a3f09be926ace
3bb28fda18663f5654d2d1ff35e990f93028870f,c6e4533cc5045612f829f47cdf340f3ebe154eea
2dea4a3b1f01567a996c90412e5596f75a262349,fd2117ba18d09af6bedce6c089b54171a5436b2a
0463702bccf010df9665136e1b327a9bf93724bd,54dc41d89338737f7c176b01a7dcd3ebc1c53265
b74c93494178c52a99622fb2bda88cdcd68a5a54,30badeeffcae60cbfdfb214d69f5f279dd48c631
20e26f6b7bcdcba43d7a2c733743b77fc08b9f17,a5d10f8154c179ac6db243edcc8f7c38726ecac7
3930563797fe33b53c7eb608f9d7642c4115c4ac,b0d2a5b9cf4eb592324763b5fe444c98b67f3cc7
9d12f7e7ae40ca1e942ec0f6f5fa3883dd6ac188,b303c6da63d5628a5eb606d9c0c4b03390c85d87
3f43be4908bd43f4464c315c912eeae53213d5fb,319afb940d66928d4d64ce83192163f335795155
d40f5c7acbd441b75ed71677aa66ba5f6d32a360,1d6fe7b39f2ddf2933d9a5ffb3295724fdb9ec03
f184aecea03c8ea90fb7d9a5478ed468edc3c803,096c2a07efc4c059c352c9235e77236ed9dd01f1
fc3c3ab8af81d88d3fad4412e15f740dc7101225,a58bfaf5e0f16e1ddec44490495e58e9fc30ad19
1e8b4aeeff08d7904ddc0919e12bc2e6bb6e8ec1,50fd09218439b0552171f7967243e96ab528e05e
57cd647de9daef26b02e1af95eea9460829f3676,b5c5b5193606175dced5cf4c0da0391a1493cf9a
04910485af387de465008332ca586c5edb9b743b,2493998cf7c0a54ee3c53543399f3eb99d8f5854
7c85e3cfca590f0a80984f8c44bbc78551b697e7,354ceafc0ed4bb316e860a3e32acbdaf4dd0d616
986c540b4758ffbe87ddfe1460018b2408ffbf40,e3b2bfb0131817f8b6aaad44fd5d1b22a0c01812
ab9a805eb479f239a3349fa00e8126446e7d382f,594e45f5cc67b10fdd62c2e370aec47ff814105e
e58b53c3fb5facdaf47b5334bf88c2f603a205ae,ea2e75e74839498b5c8238ba690b7eca6cf7ecfd
60320b683048cb3c698b7b331ec64e631d89d517,819bebd1918a0b06c0d9af1b3a642b5f7a1572b4
01f52fa27ce880f2b90d31a6edf4cee5aac20bf4,d5ec87331e52c1b30f0b9c6330620bba93db6e9c
64e92eed6369081f446558b6972a46413a2747b2,733f381222307bee9aadf04f52095de142036ca3
6ceda9aa6b7c4309ef6564cc35eb476fd8de847d,f5dac0dea2fcf8a7ee5de89361dc6c5fef778705
0bd02aaf97d2892795eff357ca9924ce5f0e58b6,738e2ca56ff6ba255600b6f932bf21262dee773a
9de8724cb77ff6f4885f4236797c4c96818867a7,a553977ba4b9df227b009dc8e4c9bcad8495727d
82f115f364eb175dbf6a03f7d6fe37ec9f570d3d,a0354371427ad06483593b34f1e5f2267dff4a60
dece94f8baa2a655f7acaafad88ab12d3632c1e5,66e6482a341d735c759a5dfb5b1d35862a9b7e7b
34bcf6f3983daae2988d28c1da37d8cf6092b507,a9b319c027f4ebce5fe592036ff3dc116ea85769
409425204c9824726fddecb3bfa820599c737e29,4b3fe3d66a637bb34244f60673ec088c478e7f75
917ee229e9e52f6d01f43f67df62304d8d467156,cf8fe3fec725d8cdb47216b8b89d3ca0cf8d84c3
3750f63ed4ba1472576b311e2257ca8f38902d1c,61b8cb56991e2da17c74e869ff58654741cd17ee
4f9f189983a54f65ca8d1721a41e7902034a9fee,bfa273f6f45625cd078d8ee1415fa6ec94ea4024
b61dcf2522b2500d0a48320b651cf61be4839274,ef451dda41cd3c0992da84451cec9ffd443638e7
a01e2adf28082a95c5a6f979b6f96913d3880f6f,2a03879a7b9bca4e8d74d8350aa0e7ba27cd0a42
30e590ce64fbdab898bffbc542e67bca427af5ff,f8ff2275998ee0f7d0ea9dacf86e0c288763cb30
792265c4debba72d010a0b10bd8fedcc1fa84ead,71eff092d0c2f32513bb632f78da24f7e9e1953d
5fbf1dc5c04af6d9ad2a7695cc743d60a7440863,4903f5dcc06facf5007761960281c42357345b32
83f5740ca03234915c7216f0d8e07e60473ef39c,3c0c10cf080ffc80533b968adb5a3583d0309719
026233bbfe2b62b9e5515a2f4ffd197c8d808e16,1100e44a0aa268db72ae6c820a4778dcb017c5de
5552e01793fc2426c43991d2f136d41c12b76e03,44ec3ba9fd8192c4089ed35a4d6ed2c82b562a67
aa9d07eb50b8b8697430aa8ec538939df7a65dc1,37a3740b05b64d866b2bc78b0ffeac60441a7654
400ff3b848f65fd634d38b4b0e6fca13275f53d9,90f3c4740b7f732fdcebebb249f20b08c4d742ea
08d11f4e8e9c6e61b73d3ced853a947574238e2c,5f7a6f6929e110acc9cdf3fc87afe4e6e4b5b0af
5835cf2e8c56d500c57950029b8af329a42a56cf,eae1aad2860a07cf1926a64cdf71ba4170e5a419
a797d980d6db40e47e2f84e3afbfa8b54f1cdc55,4a3950542eb75e0449a2fe4c577620871181daa5
082ed21d306e5cc773e4add91837cedf8af82701,1305732c9c48880704ce96896c8c04880515b9a4
2947a9c34241d20c51b179be5e3c2da46c670b03,8b93bed39165f1e536459572999658317c796937
dd459861a94da9f5f94695905940dd379091e962,ff3ac4cbf170dc1c5e9cee2420691eedb4da6044
85fa68f15cd0e0ada28a56875a9478eaa0956823,429fc549221cf2cfbe1281663e0b3b93d83673d7
7d6bb6aa2523f7942f4d49ffd18496b2f4400c45,f7a935299f77ea46970ec853ca1ba27c36497a6f
8cbf0cf71f3d554323a5e072b79002f14c3c9506,cc6024cf11e265eb71b34fb6a25c3ac369068383
3c246902b2bf6013c95121a16506b3693ace2245,41e7b80b58f58f7f029ff52227941125be055953
dffe5a497513b18366fa9ebeacedd6d6d94a6004,34d4d3343e8aaa21252f52fadd67e85957f5db75
14c27a49c8f595546f8f274c6c6465b696f6bd65,e8c63a6026f77ef767fdc00cc96a914c99e5aa78
773efcacbfd8460044fea9c1331fdd70cdbee3d4,a282eb29ffdd42409739a1c7afa36efb46c0fee2
5ff2d8af9cb92752bd29c614bd8506db22aa476c,81a09d2ba4ffc58e3a91515006ec9af3bf2f8e3e
3e4ade08157557c43bc2541fdfd82ee14bfca9a4,495f371809354c7fdee56a6b8c3c087a05b2ad5a
94c89b5b19f5e0210fd8babd51d692a36f5eb471,4835944f78b6e46ebc88f52387eb8fcfa44e0ee0
f368f9e9fd6e4dbfcf149e197a3dab2a65bd7183,b7b1cb48eea5d917a6d9a67b8cf30710a76aff26
b5a491d98ffb492ad0cf50ee8e6e9404edd587d7,2cd0210acd6a50b2ceed82150786f96377e16c7d
26c08a81a18912036f8e02c451b2ad9047cffb77,76c0f93cc630dbfc301bcd90bb820bb1e3e0618a
3c839b7f81bec75e907982c4db0c1656d2dee3f2,bf80dad34039ad53514c09d7b1bed90638113e4b
c10d4fab0829c2506ece22e3319e25f357f6d071,5453f09d9d3748949d40ea3228584745c7ab8c8f
895ab8e8a91b25f769ef352d2031de0fd9bc8b25,7b09d5a96427c4c3d1c21107811a46a4110abdb6
f2939f94b4504e385a3ea47d7059c00c1cc90e59,849f5895dbe936ed6942fdad6df28f2129cbaca7
cdb818cf887e18684b8989dee5c426768c5f0039,970a482252ad6cec919eb2925c073d8190984d2a
50069b7549d6260612c9c671e160586f3af0f922,5d2baaf5794b9b4a5c43d437cd871f17641848a4
7893248c2d4a67b897e25c73ba693439dd3762ad,795d91499a08697026d502a0bf941c767afe7b8f
88563f09e28fcae75ce4903fa4d45e9f2448fccb,9373ecb4d4bdffba5a662b123ccfa91217032469
c8c061e3d78868c455247aaedf160f9c792268d7,8edfdf74a1c8373cd69bea16a00292857f2d9e59
eeb15e3061f4bce7cc17b54c981a0c0ef1a8e193,360ca21cda6e37f125f72e6e1990a1e437200072
186f029dfe4975f1710b42c2366cf427269b773b,1c4ab92fd0ac51d4be481f7a379997aa34b423d6
67230c99cf9ee62acd22719314c0df1bc1db46db,f2fc63b4b3ba232d582e230b7eb040dd692078a8
759775ea7230f7845f507e38503ae021a1aafebd,32a390370b5d817d8a811029a18719c89d03540e
5dc3b55ffdf408c4dc190d3eb4b348cbb3798dc2,0121cb852a3acf00bf2751492fe1b7a5f7fcb449
3de4f133d907aa7b584c638db260e97fadebdf7e,0bbd3f8b53fa3ad336a7ca4519e04261d27db2fc
0db6d59a2a7eac09d356c61a76c7e8c63e24a66b,c8705cdad5c09731b8a64194fe6a279a375ec182
94aef21c074f66643eda549bad4300956277e13f,a5d757add0294ca2008356c08727a869c0f48526
1b5dbef102376383627ba23ee32dfe82e59e4669,bba0c954fa6302529258438380a2f2af19b7a808
480ced65d8668987f7fe650d36fc2c155f8b61ac,b253083dbb816e545fdc0964b8b4180e940bf921
6f3b809f2290f8ca3b10d29dae9028bd0ce4b31c,49097564d4672e23bef60359d7cc1850e9c3b2c1
4a2ee722b7a9d8480dcaf11a996996bb05ac8c74,bfb7c254b92a361388a8ddc1bb2d1969dcc0ec25
e8d3f209c71982d314cfc685c19f3e0ff258bfc7,a66ad5d1140220867c45bc9a7986f88b8adead40
5a1670880605f803d3edfe84a4ae586de96db731,34df6c60941d067c70301ccf90e28fe3e41c001f
b1eae3a3023a7bd712a9bfefe05b792983f2e759,a0ebb0a03c3c39385d3ed947783fc96603007385
4bf1faa21c45027b833913795dc1339b216256ba,7daeffcd876d5d981916ac5a3176cc2fd4985f95
8eb58151cd0fee63c83465ba9187e09414a2b1d2,b55bc03d5fcad07b420edf86c05af8f420b9650b
f3fd2d8e4ff00f44763161bc02ae8e93cb8bc872,927f9926973c44d53a7574437cda50a84b47ea8e
787a4c39148d4f0d2d07f3efb2755d638dfe414e,08992235ea7b5c54f228a1b3aa47757750bfd5b4
69ae37385a13eae967230b2fa6351b0e105e8dfb,64f823d464b3a4d601dfcbba2e8b52e044b120eb
a2c22f2e723c9e1f7f8c1d1a5c61ec82a57b6b49,b325a2c4e12430e87f7991ffb71ec365b4b7eddc
ab6f6512ccaea8528974a0be51b7d96749d45a92,f6fa18f52df776c41b2f9363ac7a311cf29d49e9
762214037e9c1fafbf8f8a53533efa7b939c0a0e,25c11186374cd168b621f147eb8b7a194dc002bf
bb698d44627520f86256f5c06b099c93bf9b1d1d,b658b6cda23e3bd641c8ae1a8650f08682699b7c
53bd0a2d4ad570040f32b48ea9a2189fcf84cb4e,c46892964ab342de725bd5619bc87c34ac3a8d32
4a8040a52eb33fe428dc910d40c020a2a802d848,d7cc72b4ae42b3eb6e194ec0e80197627c6cc589
253c4e39ae78696f9349719694f87cb359fa0ccb,8e86e062c78c67549a8932e2ffa30ed2328213f0
9f27996be0c080fbfcee914505c55fcc0939df3c,27fb1c1d64a3a3381b246194efa0d40a7c5bf821
deec4eeb6f74758e5b79231bdb1f9e3ef103efe8,2a16d120b7abd11977046d3070989300165c7a83
7be85180e0812f2af9b9c1bc044f284d86a68b1f,33200303632eb49911a1d10c2793cfbd7452df03
f8ed50fc30b896be860d0153f3767a4c6130c338,1763152bc25ec59fa28c2c21a6f2e41d1656d008
4fb03c4ea7441e01564ec03c85b71c29614b83d6,ea86f3f2d790b2920966b46481c2205f4de100f0
a4976151c47895ee27cf81500415069073ad2737,f21be23587aa08ecf768efb478c9aba98d41d234
0766004069837fe73a0aa9258a3de11c12555481,f071959e712d9cab162994dad7e3e948ca01366e
8e4eefec1fdf31a6fcd3416f79bf470c7e29a1d6,23f2ee057c0b63feecd746a3400aeaff4da612f5
9a6436fac72d17e9567f4e73a766749cd64a687f,f659f8ae9836312c003bcce2847be88d1939481e
e4cd76a63c626c49c6ea57a3dbee3197853e2786,ac2ac3b2a2d6be571a64043d01c300c809505d5f
c320b5523af0c0e24e96c71dd4794f1cf7e898a3,e1d9a584be6ca4152d011d4f1a742c0e5402f8f6
5767ff028d7c60ef3211d3659489323ed0e4cf3b,df8501e8fac0c06868af08f5fe5365195bd7a2fe
dc152dc4b3ce4a6043d1f03b6088aa6c515cfcda,f72ba35e9a09a6638c36410e90efe4f6ac76f416
10132de87ca167c475ba6131f40291dd3b520e69,b98053b06aa2d6b447bc5d70f4881f0173b8c994
a2ba2deb729de7dd1e6e08c922d7995ff6ba9905,fa17c16eb756176306baaeca761d7f3ca0c6501b
eadd60d53874f92150f55ab0f2da2e86b9b8d13e,f14bffbd50a73247dcbb6af40df4f40673608f8f
4275152bc44f62437328554b18682327fc491618,237419c123c9e3f0c27bd902f37e1a305cde518f
529f1f54529675f8f73c7e91f2eee6dee55e58c0,d7a26676845c5a6a59d24b5ab56832ef79d2ac01
2886dedcaa601055401ff2a3496cb7b92e7922c1,a85f6aaca2e05818e94fec0bb87ca8aabf645450
cd0d323ad747ecb981037aa642060e890cdf19b0,d8b8183e352fde22f43ec06cc733ba6c4ad6e003
e6eb9c1d1e9f1ef4a46c45e4ed8b8da76a3ca48d,cd20b23e7c0ab5091a74e72ded52cd23d52042fd
8d538c2d280ed3ec03ca0aa404d0d1aebf9f28f0,00dce155d836f0a2b940b395432f7442784692cc
fdd1d1d1607701f3b632f47c989c06d7b9a93dc1,ffc4026cea380cd292faca8b311d1403b824fcf9
8c3eb61cd997ad0e91569d037a01fa328173bea3,2649d2415ffe93df0a189d6241912a02524f34d1
fe43a3ac2c48ab01dc00449562727d1260fe2431,648460c9aea75f00968e378d544979fa364c7f68
e0b105945d716042b0b7cb3e4b47945d07d502df,aa8e57186329e0878f046d3dfcc52632436934ca
bda2131b4c86b1065c1cf70007ccfe6ac453bc13,358fcb286413947a0568f97365a04aeb0cd0f298
344ace9684fd4ab301e2fd104858051c3e74d73e,594da38dd167b8b934904f6520750bc7c3a6918a
d50a65e2c19386bcc9026165f0a0df96f3050391,9bac079792d4770e3eb2d2626fa8316b3063b07d
31a02031aad958b6d5ddd868ba3ba11d34944002,1f69d1e6fa3a234c281af32b10e885ab738d5e10
0df4d48afff37009b04b794e46d96bdfc81d58ec,794c3cff81d3957e95150c5b297a2619dcf28187
1310b8adf08f58c1dde977562048c5331aab1480,be3a00d65b2b4211710fb5b245272b2cb6ab437b
408cbde9f93a1dba989a89c91b8e037fc3f67f88,d9ec898d83c917f4b694cc975eb7df399afcab89
dc34c13729dd5cbbb1f74586a48d3ef2d7d8ae41,043e09666a45709d495a639ae5e5640d1cef129d
dda9db325a74fb51024e11a41715990ede98688b,0302449e067b01c058285fe2cb970ebdb12060b1
f4a94e7d68fe6a81979254e0dcf0021fb7fe85c0,099e9fdccef1aca802c94c29acf531f423c962a0
cafc9047bb03e0d448dfefb73c54bfcdace888c5,403f4dde75930215ec318358a1d348f1a26abb23
5c8f7a74ffaaf04fce55e9c0372d90e851a3f041,3cfd549e74b5d95f02861e3e5191f24339f22c8a
be5fd888c4f7c7402da0db69d8fa349d9a7e358a,2598bd9c9d864176a680af628867e786401003bd
8934a564f53ec1bcad6784e6733de7addad36f72,503351e2fd009e281729bc7dc990abd91bedf536
9870af6c72ee1e2955feeb046b517f448971dfd5,cd38946544042d9427eaa548fc56a82fc16b64fc
4b045a22cdf605486164ccfa00b6bd8e5bcdaa8e,0b8238acaf2eb18f2f4bacf8acfb7771c55bb545
ba2247acff67aba90a9db17ec9dfc496d7c3b01c,ade4119e8ebaafd7334f72e6ae7b35dc38d3425a
5ac3a26f7c38468be189d9a12174299f437f0c18,8356e2a276e7032b3222b06a395373f07aee7430
2a8a5b84c13d1dadcf8232969f670e222a96c42c,f7275d092caa6954f1701f53a86e1453aebceca8
36af2311e024ca08b456b25d750364a7d0122f85,a113c97f301bc8d05bc943fdded7aa1cb8312e60
aea3dab28e676f784e95a3affc1443614ea18190,92c1add577a6481effb02891c8724c2d59d1ee93
29755445504e1f05345ac0b4d4879441bcb2f139,7b64f58611f7723a3ed936738a8ad3434ffca872
c872f844f232adf825328d8bd7af0c7645f0ce50,a650274266d6b55af0ab8eb5dc6f9044e770b07e
a19eb6c05becde1f78c0b3a81e387d2b8ed5a31f,b92099f221e02822be949154f587aff41a2ac48c
de5b7cd83dabfd98169203191699cc14fe19f114,74f2de534ec1a3861be2c9092b823f671f4bb309
5b92910e4be0a2066fbfd95e422f2957c1698270,9388068d8bc36a40807b2b81298d65610642450a
2345f954b4d7501146394c12d4045aad1d3cdea6,b2af3999a98e86f25b37d05a7e64b0765a520070
1894ce75c8f81aaf5b26bb8753d67c6c68e1d210,b7040a5ff08e83a32368266dc9d8225b5089125a
40dea270ef7dd7ae84ddef1375e117baa2c38dc8,10ba670415384018e522b63b7bc3e35316cf8fea
f6554bf9ba3e823fa3342ddf73f7f5e129aa7b42,197c3a7de265ff2eb370a0a9ded91641290472ce
fc5a2fbcf21dcd3894135d33d827f1399b36ccbe,aea036531affe9314828ba0bc89eec6fdd774674
6db79da619d2ef6a4dad4f44d40a51a8519df09c,e14d6a4419a80922787a1af6719c448b79a9d6cc
467de7c636f7183eea8f74ae6199d7bf18535b81,b619dfd19bd37f8967a2230fcc05be605eb85d4e
65524db1152160f51a5d42116344f8b7a46a2aba,17c351ea872543fc09f6010d9cb309a2e8da58a5
63fe2fdfb213b4c57369a6a577bbc4ca29e60cec,3f52dec18f65fe105e78343494f7528057941595
b63864554463c248c6bced518d3e225f13681cbd,9e75e57281ace6347b965605cc55cf5ec1acfcaf
64436bc236c1aa3af72a0fb9a7ab8597927daac3,334a40bbed87b957f7373461e84940f16fa6ea00
92e3f4d9fd4f87f7ac94ac48a2fe054000294f0e,b3f40fee39f817553a1a17a4c254be2e28e7dbe4
ce48cabd963a2db05b78f350ab879dbbf534f81c,5e25ba1d80c6c374c829ed97d176820d5e88af64
cb42e936d64c45d424ac887f7a12d67b5dea1186,9e9476eff52691e599371e697fc98a93cd124324
9f27a5dd1d4c654ff766136c000f67ec7d77d7e2,5fef726c102ba04a079f4fbdb4c47f2e0f623dce
40d53d504d7b761e2b11b69e57389786ea7f5df0,274e5ed55f681fb160db102b9c5cb71e80e1039f
4ff151441c5a2b59e60214da617aed7cc92dee5c,407fdd3bc029ba98f1b2c97c3f07fe0a1b791967
e04837e21165afd3e89ab2db7eb85636468cb08b,d6822e5d2e8bc6b576cabd4442750d38325ba444
319d317e89f0ef8e0c1408decc8be836b31c2a89,20265544680a2dff573eb89765d7d1fd5879b58a
7db41bffa504966da4c9a3b1fd1ede5939804440,a0adebd1cb5fca31e3be453ca0d382ae002bb36f
a0602847372147720f03ebcd0923c172f1ff7380,df108b734d50f5cf3149d4b27f4fad997edc6dbb
5777262b47ed8431ea1527fb171d9da96181713e,62b74b555674905e0958924a7a7b10cfeb92cec1
e92cc36409e9249864fea22fa0f4b6d90fe3823e,840e85ba7c381646264eba247e4d661bc9ef6895
06f27e43e64193aea698e92b9f77b9a37a99664d,bb046c51b8beedcceb91451e46d0b2380079a0ca
cf879b914670515c81e9671b491819b86eb4f34b,e5bb9728210a4b52fd6141c99a2a20374181cb89
8d752c4fc22d3b4f33a15b693bf6e499a700ca78,3a592d404de715c912a73487f5ba3ef9c507c36f
753043a623ede42bab4c1a8f4d64a15083d1eb7a,28042cfb24ee6e65eb1e3822c7fd6f7e6435dcdb
b5db2061520aa261153d48c5be96142c95909d47,e8d8cc799fefbd1c216985d2798dd8c598f477ff
6e993f6a654a002aa3b08bc4ad8f508e70c8d992,74ce2617e01409addd9e90068d9c16410f0119c5
bc89b7e539fae8aaaa4678ce9bae988be4691320,b193745f916ec59b0021e9dc105a3516e5d9bb66
ff448f57b831e95a00fc1377f6d4eddc16210def,a5f4233380fee359fc718577f6691beb2dc35ffc
56d00ee86742ff1c863076552fa3b25f5ddd960f,7d837f3c58d6cb535da474408eda853fa52b3e27
118516f12a12a74326ff1febeffc2edc12dc8a35,51d41521d7fad11c2656a754bb1ef30ee07fe9d9
94ab08546297ffb2c2ce13476c3fe50f91f81a64,8d02a1600972b43de0c3ba0ac6777117f0c2e768
81627f426275f615658e9576e0e479fb8ff0ba0b,5b79c6bfc9c90660cf529eeb07cf444b358c7fd5
35a35c713e2e41963b383dd11774ed7e7df9da55,1381148ce38592725b768100b4e3fc9677c8f1a3
ea54a05171b1e9b7033741eecac8bd837f5dcfe2,8d5a186e00b7db936e441053597d472c0e945bfe
9b1a054029f1bd81bfc20544fc556f667125b683,9c1e11ac82a536436ea6bc6308957ee6c49e3b05
9429676863d129fd7ef76278d01b45bdee876880,d0856e9ae58b00cfbb8735a1d11a72d26d29c6a2
2b48b83d2d3a3a8780abe215ff82292dbaf32bc6,0b9150eaf80d5d75fd4a68e14f37203b691c42f9
1f1aad75e7899b560fe83325dbb33a891bf3100c,9fe147b278b544654ba7e3a8bf487669404833b6
fa2c91193f9faf1b09bd8ef4603204718b548b3d,cd73f11e4b9966854bc30d7b5cb4d5ea9ea3267c
7b26c27874d358bada740723289db773e167546d,1b25e7f992c71523a9c327c770daba2f0cf33e09
696de70f810ee18d5fa7f9d9c02b9f94fa3838e9,9776a6813ee3c67f1c7f9ecd089de589ce8fce69
ae3887727cec22bc610d153f56e144d287faf58a,aa85e6eaac030efbd1c2717d7fd8d26bc960a393
86205f55ce99c7614f8a453be660b7379ee730d5,ee5b07b486fa70607bbe309fb58d6fa0ad1eaf14
88394ec33e751093cef9bfc4c4e1e200c90148ef,d2c82a830c5374dd6972c172341231922121f09c
b1a5013649522cc5aa073a6dd783283f41951564,fe8e9e8cfd78af6cd733cf109b45aa288e59c7e9
c7595e63a088e278d14f16fd66d0cfd2fbf8d669,0906c69e7deaeb694ff50b0c1fe0de429e46bf5f
67d6399797110737bda5bce42ed984c0739a9ca3,e2ccc807669947ceb78ffc08c9ee5b737b31eba9
6dd6d21e989e7ba6c7e44c5cba0545cb4009f608,affc6408a9538bcdf5bd370427f265491462bace
409cc16eaf66aabb82ed1e8a0c7e6b19c0033d0d,df5bfdab8a5dad78e545a41764dde5ec4e911ef1
6e375480f4ee30be47b83c69f92ffc00eb67ce9a,55d0f6879569da8cb67fe7432c1582fb6a96c8f1
c7af6fb30b0402851091fd3af6e4cc8c44765a1b,1b181a78f3226455c6b232e49181a133f930e252
da9f702dd9248084f54f1d03a41e8e719bad8de4,27f03786d42260fed111467debf602e372d8514f
370fcb6c48d2e32949a917599fe03a0d24d93261,6101530f6f8083a40554be1263b9b0c6a7dc7399
65ed053ec7471a16b59005901daf6d000cce8cbd,e168a303cc096788e1267f756d23da87b3eeb63b
0c10c77b739b3463ea67a4c977ba6d105a079991,3fbbb80204f2e5ba16bf84990ccd7c4dc837498a
20e1156f218dbb7f61d1a060d19e544969414f9b,80beb0d2a26d34eb6c063ccecb52f654e9d05745
2c02977b216c028d802f75d123a6f4df0a0f127e,06e4e6da91a0a35fb23d65b09f05d425d4aa3217
8e68a06633fcb4b3e27179ef9b1a6fa8ad2fb748,359a346019dc8ab158250166a0933473f1331e29
b5a90fefb170d42650349a72f340ee09d0058ff1,8c39a27acfb5437a8c27076a78eb319728246a3c
10b6c08fed0c900397192c45c1663d12afa49788,31c7466f624ea0cb8a00b6fe2323098d012979bc
411282dad4edfd60af375ca5899df08f2b102a5c,1a3129ba1b05d73b7b16e927ae0730af4eb0e155
5c1c3550914994a9903a3ac8ee9e0053bfa022f8,bfe21670906e49d1ce84756196183c479c0ca1d6
d1adb1ee762c63bb58c8bd655a7e2459b64ee2bf,1b4fcbdf6f4a83b0f79a00056c42b177c3e2c18e
4cfc88a4f1b4cd03ada65b14a56d3287c9d568a8,cd65d12d420e6dcad0b5c45c5bb308e361ea5baa
4d88b80a68c0910f693391d82514163786d4e868,486db65bbe38f4815d831267bf859795f2791a0a
c11a88657fca1a347b073d3da37fa9e90040e2af,30a0a06afc2a7dd6cb368dedd5f43c17b4a9852b
97f8a3aad88dc30bd2704131f4c582aa4a7d8a47,aabf4b6f50f2a7768c510dc946b54413f68bceb3
737190542a658fed7a19a6a0c624ec0a04f85b22,f6da18af07c752200658984bf46cd6f64ed66c7d
b13efe02bd78ac70877997187065e87172e6e7f1,b3da4864cac0cdfc7ea9fa7f184de84b9e9a0a2e
98f145398328a9bee72ee8a40d174607f1907701,58c432665ceb921c56774e8c5bb52011dd917309
527f6fc76e371b93dde3380c958ecf77ec2927f4,f096a16930662d79acf2d08d2536a906d49fcdf7
f12a208d39fc6164601ddaf3d026fcd485fd6477,e0c06dd8028a61fbdef8a12c47997c8e50467d33
ff20ff82f6ea881ab5f033c39a9711e202f8df9d,a7526f4abd7739011546a20b3e16f0cbc023bccb
ef575602638eaf8ad8edaa2c17c9e8e526f1d8d4,b4765e86d9e5f1720fd62f1b124108e2a95d1d2c
39233aa44ec7ef667c5e7a73e892926ca4871be3,b57728b0e73218be668bb158d7c86bc091eaa03e
7187bf5fa8f82bc81cbcd2fd5c46be6b850999d0,5826e0af997e738554705707edde81b887741f90
1dfe619d74c4b9ac7ebee3a52d29fcd3e47970d6,a3eb74b39f6acb61fc06e6037dd2eef2e7d4375a
c4eeda1f004f2e2f836e73c2b7ea78fefc694ed6,7fb07156965faacd10807a538bad254d6898b947
8f88fcb7b5834f5aeddbe2ba28b004c70f097170,38e2bc20813693b75e9509a6c8d58158a5b30d18
ad0d089a4c7650ef81397655fc33552908d05cc9,2a50ce8b445259164700efd06a50bb248f2014ad
5743830d43a4e73f22273fc5bd4cd1d71695b284,03d6b24f29c19c82c5fe9696cf1d76c80a1b961e
e4c8ea1d280a227e1d4876f1717e6725ac3e8622,98a13274f3ce057a4c098fe9473100cfb697161b
d67b118b2d1b6d5ee5db923c22b30e3f2b05baa9,1a2876897670dc0e8798f68bd65ea10912e46172
aa46562de4910b1289de025dedf4755be0f9465a,201ff6deb10e0a987561bc618795d238d5afaef4
70ec449f83d45f588f60bc8d2f72949766e2db27,c24dcfe5c1e00dded447b5a8daf9f74806983a1b
b64fe7ec5bcaa7b4d26f5ea1be76e7172def9908,949c6a6bca61d6fce97302d46e9a1716357c244a
8be385c321a9dab87d9394357b40b3bef4355f08,d127c11ebe9768bf3ee435f55155ebcb698e9353
61d9c53e5f3e76aac6ad3c2fa4956ea6f3e05f1b,09f64657d15fd8967cd66683dd439d0201909f8a
dadeb6bad0a68b518b2ce670b6cca32c39c599f1,287925c2216a837e1cf5daca3a6aecc76fd39c63
9cc809a717398fb438138fcde6a90f870511d54c,71ca2036bb0c8c729454c58af838d4f2640d9eec
5cabde78e0720682f0505b9fbf03d2bbc3850151,e9929ed5db819222148d9286c23d78c379c5effc
cf5634dd95693f80eda65c58fb4bc7d59c9f8228,3fab277126f66d3b5fc76c1c476b68a672908074
a8fc01375cb4984ad6876b344d4c889c7bd5c3e3,0f00e35f1c6b49ea340060cde1a5a95de200b44c
ca3cd880d1caa17d6fcab4bf7196223549c0ec4e,b88698833e84d272f06793449340f5856d89ca05
4fb971546e2178e5b237bed8d38e9ed6754a3038,44cffaab4c3e8316780c3206e58c628c48b236b1
d117ee0814e0261b7b93a0a95df91e2563ee16df,fd88ab48b08e1e9789923d903adefbc7485dcb8c
1a983b9d2860ae57b1e4c52949d15c77cd10bbe7,34c688f80652b4c823923357818ebb291b0a7114
736a0f30b17e0298d53ae2df250d634a141e7ca3,b4040cad7286679f17499e540b038b3a641fffcd
774d0548b22f94571f02ae39f21e8418f44ae044,4fd82323158fe8140f9470e28b415d4aa55a4849
21ed6815e7ae88ee3218215d7d80908440369937,16af27594252d73e05559e20590c4006d2e91ab6
d0d358fd74bac1065b9443fbdfe66212766bc83d,9e09af5612fdd9371b18c3c8de91d0338258ff11
8f49f778cc36510f1863209857c0f19a91a9f169,1b5b8b53d5f191573e1cd873a25d357ade307204
4aa859bddd268475fb6c95bdc64b022f9857ce90,4e655bedadc6ec56be26d21db1bcebde4779b363
8c469b48a863e31ec22d7f752d5f57c148960a80,b7eacae151ab498f52de9b329d519e36b8e258ed
c57cb884eed80bf42b1608fddde752c55939dc4d,cbe1d7226a6303ab21370811c6f55951471f733f
9dcf867db670578a604f93430a62eba08343f74a,07eb013d4e05ee045688f793654ee44c9b3ca892
2cc11e30e63f06ba6d6d2bf51b5acdc2e05de6f2,1459ce3b1b09ec1726c199d3b5e5a5a314a600e7
3e39229254efc6287053f2e89d40455aec9783d9,d4ae0ebd070b7aa7522a53ababf45ddc34382757
a7b7923bc1d3a301cf976bde40195da7186ea3aa,e40504b36b952cd789494c4bed987f0bc338c74c
59a83751e87b85ba2fcffba805d0f79fbe2ea22d,93d4765c218c3f062e8d87c1d18d81589e29e84a
cb790c79c16100f508d18c81cd766c3ef042d9ed,ce467df4b2821dc1874ea8b84dcd383769e1f9b5
fb95eda10c14d69157556bf939e52547780dd38f,853fa1b60273951a873b16049a9bf71e52f68cdb
76c9e0760ba667dfd3b232c5cf7033b47e4c0845,12946d359045ddb110dca397a730d9ccb4603ce9
960ebedd6ffb11ca2b17e1097bf36b1a76a05260,f313f5ae0125284109f96039cef79d60fed4f852
77de223fea7588de449aa07d8a96cb1d08ded20d,1555cc0952d2c0834933ab38e6121dc7457d91b1
19321fe2175c7c22267d70b3ee0646e00e1df394,e5310b4f73ce48f45ab98a4eeeabef8115a0db71
7875dcc702451c024e13f54d309e6fe2abf9b5df,f11d93854844a7c024e068416b6588121cc1f1bd
6f29a823c01b7f2b80f9cb06a8d487744ceda3d8,0476dabf476a5f7bbc9a51cb31fb323447d501d4
5ad9c88aa64709881c4629efd7ecdb82f6e436ef,7dbf41f09f858e426ef638cdf30c80374d47977c
b2c61fcb6727fadfea965d5ec60823156cf9ba8e,8444146929554dd1847015688917374d84da7e28
f65ec403c7b7d065c50d1075038691af3286dd4a,8fc33fefde31afbaca0c2396f15aa0d1c3a9efe5
9476c12d9179e5c344461a0112fbe5425ff963e1,9fe6134b7053f974025e00e1c9f54b4f48ffb7bd
ea745cb433a252ff79b0fc8d7e213efe6c68d028,fee917c07e6fbce52b36282610a6e04dd96be7af
26ad78c613df1f0476fe5b37a9c6b6a67753c192,b33c83a41cafe353af2ea6e06f36d985d056fff0
13fd5e3f02a4bda419fd798e3bc19a6bb876ba8d,a574489faa7e4b2fee05716e84c60877197cd72b
2f9effc67f4ae4691a75eb4b794a7c17da2a0060,813957623977a631168dbaaae1a9ef00591cd305
41ee732dcfe7a19dc23705f08e783e4dff834fea,ffcc6281f5fb380014272b2d6ad33019bad892ca
51226e440a07c58b87e132cc29ec28ecc5349d05,09b7bbd0607ea21e686a0f80dd30c8e9202d16aa
02527824a3cf28168c567f9dcd411c2143d0f42d,9f71df50281497ff6aed3b634426390239ceef4d
614958b84515d27a3e81cd7de08c03a6b2f38677,d88a627ebbc63532adec46e7dbcf50d79074bd24
b990096043477b0501ca5a7aabe6b2fd6261058d,af54d3de0d0e01ab87b888624c539efb4dcb506d
5ff061157ae63489b700fcaafc97e75efd456ae1,27c619d2113f8136582573880ef4ad6a74fe546c
eeebfd2ed0997f31baa0aa4b966723cc1bd33343,b8f50e558338da790ee3f9ec2137203b1c4a8a80
663c3a17ad62af6d435e6d71b21c9377a043c18b,c2ee349bf391ade8a766b04093bd223885f2b324
3c18c04a34890ec8afa7b11a49344b5a810dfc6a,2c90aa41a2d7a3df39d94fc2c9f0cb5e0ebe898d
4f8bd339112ecab334c05e0e843380d112bc46cd,96f673a23090d600d55b7f7df02fccf5961908bb
c93cb8c357ed2c335f9fb4a7c930e0027e9d399e,8ba1d3c19e26e9cc629829fac92b8a41793691f0
d4e036d3ddb71d7be4fe351648b9a7c4ab59243b,280218407bce7050fe84eb5d2b830dffb884b95c
28bbce32f4669a77b52618f68ac5d3b6d6643514,cc0797c0e9eee50752ace018619902a83d3a19ac
fd6ce19ec4e35bc46398d8984134b3b4247ee5c6,8d46063a3e843c76b07456e3b5bb962c3b151700
eb1a47f4b60ddb1df8f127262d69bbd6da15319a,be181a3aa8c091f58aacd10e12d78556c1e0242d
b70e1037ad99af2bdb49925fb1256df5faecfc85,e96925ae1746010fcb5c454486291ef6d6c59df5
553ba70b6f38415e474ca71c28cc61ed4855dc3c,b4612edfab2de61425b90eaf138f7aee00da7785
ba2d7fe3f5afd1eedc42fc90ad3395e704eb6510,c5a0e27b56f65e53b62f503104a09af45c8e5b8d
04e29ae820eec70a66dce40ec4bfb19317a3435e,f37f45d6070bd953d26af2906dd652d6e0f9f0d3
1483958217f87bf10d98e4e669f90589f297e901,79aad6321db7b2b8554f21f6ea960d61417f3909
d52255933f1275cff903716605822a9383f240dc,3fbe4b504e26561a50ff428b3045ce6783483693
298f11ffa4a433e1007c41a83c276b8986ff02cc,aaa5ea7e8ab96290918566dc4e44b1fb023b024b
c9103268458e6649e0c7c1c44ed0ee53147fb8bd,086e66050afdb4799f5ac3a2e3c9bcd280f54771
83521d4f11107804bb0b4f4202d0e8a9eec65d5e,70e9d04c2e5ebc2830e948bf8b0529941fdb831e
d122af993a5b743d47a94fb33e41f7abe55394ca,a7e6eeeedc902030f81604585d285beb6345545b
5eb781fa8ceffe8450bb4479d92b0a3c0f0cf482,6b36856985a4ba7f811eced6524d856d545656cd
56f5affdc629f457050e7b74eefd7c4169d5e471,12f66bc706e284f5fe9c741b71b4de6f6a40c720
0c2fbdce90274de7128fd760dcd7f539ce811da4,bcd74c988881038429073b83db83a4896d336363
e48c1cf8845094e9a93fbb4bfb9ffc0effd41de0,bebbd7319aa7df067c96e49ea1bd612c559bdcf0
f1e88b254209953fa81ed721609ae3c955ef69e2,b3dbb79951288f3d15aecfda9a3bfc101587a0b1
a9d467e0b22b9c8d33cb416b8d8d7ce64d74c93d,1c5805f54de81a8bface9249ff7f3d66bd6f052d
96744b0f9b9b7e8485d934659ece112d5ebf955f,c7f0aa7089e272b1c5973c751bb62190f1e42e4f
7c86db24266134f06e2da2ee27afe56a3e9b1bfc,82bf7b1b845eb5101c8f23c628b1f955a073aabb
35287db0d21389a24ba180e37de0724f6d0ed564,cd86e91c07f646d079dfe55f2c8cb0dbcc9df997
a3d2da2b764ae3009c489df483ac7b117c9442bb,5e1659674f59ef55bdf0c1047f7feb7acbaaf557
c4f976eca84286b36d1c8d8a0bb8541f13b8a49d,1edda4deff0350e53795d8bb78696af49e98f17a
56428a8c7a03e9b8044782e14189b61c5ffce4f5,e9bd8e6cd1a84565c2c00a56bc8c1efc484eca9a
3f670ddd2914584bdcb16d2c99639d5011aee8a8,d19c4a0de14de063a5f8c56cc8a2b5c52a9586a4
0e46ccfdf0aa4cec5bab2e94383707e04dfb1d83,f40e7b6ec0db35b587a02ad004ac4fe46afa93eb
23c4fbe217874439ca76ff0dae51b38136e07121,1986f8f717e47f92d4f2112277380fa510f0c0d7
9ce2a5148aad61f72eb96374dc1f9ba76084f139,854cc2724a63e41564cd2e0cd6a480600b767e8b
238820e47dc305d4d6eb784f574052d5108135d7,5849bda352fbf0254fe5cbea095ff5aa52157b76
4c9e3f57bbf0fc82c3ee109320f1114e7909b3d4,63d3273b9c2c56c0b624eff3d05609f134a7b753
10425d23fb19fd9044cb387784dfdd378b2d460e,0c4115186069f4fd0e52d80f56fc400bee188ce2
8f88b4a2fdbc0286c37d7b59e471ec65536914f0,0693b3618da0356ce4e1aa65778296520e4f76dc
cecffe7aaab692dd0c79d92929bedaffaac5ba47,2a5d1c3043b5baf308160e760f40906efbe90b47
0c4f0b8ac3eac609c9b102efaaa407ecfc832472,d92d7434978ebce46820713a2d01078161063bb9
c716513e1fc4ba4e52e6404888a1b1802f87d5f9,de72ccb793afde01f8393c747acc19e4941d996f
ee44b67e050f20866de0270bf3536a4ea29004ba,c9ac838ce53874bc9640995ef9095d28e756f73f
6fd8cb13b2cb86434d840c994f29c606a2a7cffc,0565f29f26df5dff2b7b6276926d629695ebf479
2e6a9a7cc38d908b289d05cb605dec3b07ed7cde,66e512643878c4be41ae4bc259a6f16ce2eacdd7
4817382637bee76ebe6ce81d15ed58e84d5845d5,688dff37ca8995bfd93be2d377614f391e6c31af
610ae7241c8f39839097cfc39e6c3f806f480f77,afc11332881419264b4bcd36a09b700e3898bba4
ffbc477a0e25772520fa7135b9d61aea4849268a,c40f8300bd4eaab0322cc12dd4f37ef55475ee11
cda29decb0ecc04bc0429187f90b80589c5e90ea,0f00d3a5607906d91493dd95f7f71762c1b674fd
a441674a3bd17f68fa11b596f09adf4557683be3,d5bfc8878f7dd0193e63674e406b1898bcea1650
841c3424638cdeaf8ead31e95efd275acb7ed4a4,5fbfe35e60b60a47f2a0642e64c0c87ed8abda78
c69f61abb76b08e46e9510810f0b0db3735eb083,8d7e073483fd3b4c351ab28870aa5c159e83225b
e9a4adda914d70e01bd774b620bef8c1380cd708,e4c3f682d131e409e40ff09e2ef8f69e4db1640f
0405772427a7c0a9e2cadb065ee534ba1e75c2b8,46d25238ce424adf3fb3593ff3dc0d69093b57b3
af4f1a2e6479a059d48a5d429f5918749e65bea3,fa48d58fce167801072c00504326bfd592c5f423
d97e16c8ae7289e99075056efc4b6b69fab2a32d,d1760005252ba6ae87367efecbd1312f95a7948c
b39f31246c48052537d5f24c94cd2ec280e3a5dc,2627bf58e6ed74ed9203646039f16b5c9ab4041f
7d0be898cc64c05016bbf870feb3684a927624e9,90e2dea7035e6a53b85065215799fcfc96f0e9ba
eab3ab940d6a01ddc106ecf6283bc05a9561c127,490e2afa80c40dc09fe71eb58e5397fd21cc99d9
14693e8a32ea81dcf4cabcf5890b628cf82a7217,570dba0163e05a750addd187cd849be2470b0d38
ab0f810f8ed2cf02570f2f08cc682b801aa352e8,d1ab55be46f1b1ff52d981a62fe86abd07b85a4a
08aca0c45bd1c04ddb2ae3fa11be59a7659c2bad,6ea564d8a2b876c05835605fc876faa16c72bd3c
ef05d9c2ac13a995cc4214ea681b352027f26bce,caa8836c7421a506fdac1c242868e01fb9376c5b
228b0ca13c74e2968187fe03c05ff9cec310eb8e,ce6246cc64ce82ae9567b0207937b7ceafedfaca
2cf1cfa3ca61c7f5afede405f0c073f092e62dd3,25c96acea8aff8c539a03f2f69c330d7d2c21a4a
68f7f519c937f0ed9cac8e2b35424e798fafc94e,5b73d7e3a8216153c1cc22669f6b50972dd8e65f
4daa09134123c3d6683d4ead55225a8ec11d8024,977212a150ce77ead5b43cc89465a161779f9ca1
afe7e8ccd7848c305ce16d35b47a98453faa181c,c8ea1801bc8271106243420b499b752e3d7cb01a
52334198f9d8fbf6b0c35e869e5ef401a1ba1b60,3f51a175003a136497ba3919d25fa384a3fcd90b
92d69b4efe961311d5c7db6ca858eadf45196396,bdfbec6acaa8eaba5a490bbac1cc2816ac951f7c
a3ac127892efac7b15510b7952a9d6df8f7c3b94,fa5faed9f9e473af57568380413c2ceee8426088
18bfd53f82eb6e6c21ce3d18214aa038b83e1e61,84b2388f9bfc72e075f50caf44da67861c9a5994
782da6e02711bf9f9a03a7ec17baf92f78e1c82e,deb87d3cbd55727cb1ff1ffef8579af160ccabd9
2bee55ae5b8cc2d63ed27bb0bf25267fc8834e8b,ce05c2d137e31d51b26a599db3238235be627917
9d4988cf35e430c25b729efad70fa72d72ddff3a,6a86cbc7f9f3263fff36a04c9e954fe0718bb411
0faacd80c61340ef30880e61dca40014891f7087,84aa5fa93f067c73372bd636570cc0082399b67a
45c03514a8f4af9d932c2e6cc582864cd802ea22,2030a7f26706d146b908e092b149aa5bdad79344
8613628dabb8270ed473ac87b676075976c54606,de4d69cd49ba4d3a72e39fe5d45bfabc4128da06
1b378d39ea0dc3ad7bea4a622a402337056eed33,369c0b84d28e10dde46f0e42dc0827ad0222cc4c
ff7a170b76e9ff840d97b0641b8315297dfd7e00,d53d743fe8767de3b1bdde626b0bb5a637a593c2
f2a4aca992fb0f053a92aae38cce421d0bc86715,e130c99d4ce4d42df614c61e97760f0b401e1d8d
90b9046f2b124bbe12feda5536072d810a27527f,da9bb59524b3c98d37f1c241c681c312b66e8441
727e2df7d2928ff9b95a8076a19d948e236b0dfe,2c0f6ee7aea6a2b953dcd3d9929bf777ce981e7f
625da32d331ca3591b526d7bf60bb904dfebcaf5,74a3b8ade8d12617cacbe67b832e813f8775eb5a
e18069938fe806d7eb692f80c0390696dbd622ff,5a4e2ec5c24f4327e9d709e83b3020d02d738db1
a5e97a08a302a720b1887d86fbbefe13dfe7d548,7913c43bf63e5cc148f2478cd83d752ce992a4cb
3cf4bc391827215380f5111124dc64b438bbfc7b,dcfb1ce837dff454b1896b6aaa3d3e914bde5336
ffbbcf447ec3dd903b8d620fb6a09087c5751795,72b5a4798967bc5aa8f92b27437c8d1e1a91b32e
d37d1374bd31ac8872dc9ce88591277103f689d1,0e319ed0b1cc8bc3fbd9f5b76bf890e575ce9868
61307b09d5338e4ddccd6f1286c64b8b9d36ec95,225f66b4db585260f7b2ba89f99dc14950eb6021
04fba3f3f297650ceecb265b4d8990e1da1bb9c3,12d5574f1d09889231c57b4e95d35d3557fe0cbe
11cffdae3107600ef016809df283c91f7de64442,f86c2a6e807a988521c32d20101dc91344642a5e
3c864a354dc11c7dd5da364147c332be094c2bd3,6fb893b0c4fee1b9e51cfae08d5cc5d0d504f6d4
065044d0593abbd91ccdc3598bf7d4fed2a567d2,0121d5c2f6b8ca5bd377e74d600eb4c214d16904
a32f2bf4b8bd4156eecd69adf39a994b6bf57802,6b8c94d11cdea1145221fa5605b36fb148e05f78
830d271129d2d1f7714b6bf411854a02d05fc3d2,25a85b5c83a887861090086eba80ee0bd2ce5d40
3c899ecb29817220a29d8f75e6749f83e0ad4327,2ea2ae4037f2466c5e579b414fdc5256a4f2d58c
307f3a2d1eea1087bdee751c63dc9a5e89855354,7628abbcb29988e5d1770b06d651a6cd8956a231
6f75e2aec29314287b4a10e88763e999693514e0,bf8eadfd9b0926487eb7e29b577e0bb20119b545
ecb2a6f25e7ad0013b0e26f81aff9801c645754c,f4642bee2c80a9b817ccba84b0b1e47c7d77bbf5
e57ca582afa33c111321adf8429a6b19d9ff5a0c,f94cc25c620d86b3828cb6a6c002a61abdfef406
39813b5b5598e2a6a56771f521ee830c81df54ac,388520345b6a6263e0537eb35cf11e56a3ffdb8a
7397ed51bc84bdf4c1b32003b17bc512c47888d8,d836ea1f972255a135319ae72581496452f77d00
4d7db4fe6738797c91b8a5b5371bb8c175079475,9c0e1347645b2583a19988e09213a9f8f7be09d3
ad2859b105f6689a62d640017946a5e35412db16,fde1247abd34be477bd783aac1d213fb29b97e71
a9f3e8dc3f4e1899afc379441780d6256e136582,9fd48c3ac24af692e15d7e160a851c82c109132d
d457038f411206e02890defb1423f2c59d3c8f9d,637f0903c12f6fb591020da43f50875fd2c3fb33
a366cb99bfdd6bc0d79fd48f82e9ef873e0aab53,214ca3ed14da922cd228de5824367115d3cc65d6
e11e2e163fedb7b5db7116b4005b3f2bb0909ac1,965f51aae557f1a6d16ca12106fd55b2a5152876
fe12ce5dc13ec88d992742e8cc35739fd652290f,bfe41001c02ce222e9b1b05d69148d83f10db6fa
192d4749ea78fcf54eb91b25cbfa9c9a1d6fc61a,d2938b2f1f3fd9d92c2ae03d0699419b3adeac3d
50ecdabc3a45fa3bc3a0eccb38f74a44f7cb9473,ef8497b971f926b2ca4807a5802c90ad94457d96
f36d608b9c6788344e928c73851c80906b9d81a8,60bf356d1323388f95154de4d4d79f7b7a5ada4c
d14792c0c9da9c40ebf76e98b0d391364d981034,10178618c03ee4ab735db6bf82ef61cb1856e4d0
3a92c5f439bcc698f403c4b819b680f1c1cb376e,61a879310bfffd16852a03ca5ae3f5f75bd76362
fdf2e47ac81a4c0463c0ad29a3253b8a6fd5acc6,2a1487e00085ee7c09e7e7fec9311515c8398267
e95dff7b32f0242e4732a4f4ce5556cb7b10d12e,5e2c2e7e7fe99cf9e21b7575b7ee54ae62f34d74
1a588b25391feb814d9aaa31f980098d308497a9,c09bdd9547e84eef1b1c196f982dd238c3dd069e
5658e3b132b596cb750d9f7a5ad75150a0002b91,45b5e9b455450cf4e88d92ea44b5d7c36796965a
c0b2b0d7dadbd934d8c1b4b3366c5cc2d64f0e40,ed0e82a41d69c6e33e930e32645b0ddba482937a
39ccdc5e188cf2b3055dd2b10247d2ae3bc20056,a289ad71083fdcd510e21340a96481cfb67aaca4
64c44260d0f9b45873261a478a05b133e3c8e89a,d675ccfe89c9df809f52a81c4d1fa65d5f0aee51
2b786875671bbd5442d5e401986bd8e9b04b8162,cff2745df15d43f399b8e2d8d3cd21ae9e251209
a9ff282dc2e13593ebc0a2d2ced9dd588f68cc8f,61739b0095f387ddbd653c1de45e793add8ef08e
9e9397e9d6808804fd200e203ec4f47aefd62508,b0002ca96ad801cf1fddbe0874433ec629634341
8d969bc3a5a4d7cd03fd03756e616422ce4dc15d,fc352259909cf247ec98b7574398c6ef997d3ec2
0848bcf124c294019b5bd82cde6fc36e02dca13b,a8291f0e42d738611651401855ce5c2711639b76
259971d60e64ca64d23d8faba622cfa0c2fa12e6,95cbaefaf3fa6a90b24ec526134edf464bae600a
6303d7a13f99b92361bb1678803ef0df12eeaf53,57c60c00348d94a04a70c9e9f677f920683226fb
d9294cc63a02d07e3e21fa5971dd2164339e11e1,9a9a909718eba3ead163d2b6d92249a05e21a90b
68040a72c428415ff7e35773e8e7d61389a9af8f,8a0dba35d98a0ab06ce10b9526f453511fd7479f
465bd94351cc86e4c5a9b529253218c74bc8c523,1ef9df77f692746388d94f85c7f496aa630cf1b9
401166d0c63f4826e3ed875a9ebe653fd8c0bcef,bacd71f97118e09e48897e0b4b9ef697de94c510
a3fd4395c883f9f3f7f8d28a3c497b800c5460b9,de81674844e99662bc93193fa43785682bc5aa58
6beec2efdb76c3ea9874e6db9d7db4fcde6f8fdc,83f7e94638b3717ef21cc8744ab103c9a519004b
30c9a988a746c93cde3433c34faf9e268154bad8,b36520fdd13c6e903092bbbad11a9447263f4e89
cb91633c58fd4f2128e99812441242b8cf4380a4,b4769607c8d9e98fbf0b28bcc3e55ad74bd157d5
2a7885283ee68653a081fe99150346a72176b9a5,b41ee3e8bd63ab2d5f2a3537fc25ffc8a87d07f2
4728600f47868c97d232bbe68619263c73ab67d6,83c60097f70f870e181422759e57f69dab9692e5
4758f375da2ff4ad3973377f5e3e41b5070d1c82,16061a863c37e8e895e327f223c34283eaac191e
0cbdcf54c2a05edad3f270d4c276ee3d3520a355,eca4b82c26cac3f259dc9cde45ee71099f306b7c
ce4076f5b66cd9c4be936073259f019461a5719c,69e241e178185484891deed3bb4e32ff6e8874c5
0b87a7406a4720ed8e731ce52033ca182aee6e41,41b16f1effaa1b3bf827e6febdbe9a3ed07b73da
94a2b336a4aeae2a9d283f6d3ffa471a258b5ef8,f9932c768518a01b8c35c6d94b3921bcfff76d03
8f43e5127f4b121b572c47290232025ac25ed410,fb55cbeaf45ef5232978ce5b935d2ea31e698601
a43a4dfd58120ab5686ca3c340cb5c8f8791ba1d,32e4ef1203e9e4ed7be249430830fe63799b4099
15e8d08726b81b5887e09bc1156f5839a3285497,ff5aa86d61476d7cf0683ca89775968bdeddba68
7a78459aaaef2c6e0942c161c4522667bcaaa936,610116edea28eb9b006050f254d91a28446cd147
601db22bcad74c33168dd454071de58c86e21287,e8cea7bbb50af506b270a9953b96631d435fe7c6
f876da2d65c468a601d72dcc6669a06dbd999e88,13a6d0248fb4d4c1ae3ff4f1011e1e981e66aa84
8658a515a3080af100bf19f9bfc7f47167332f04,98a02cc9905b775f593168b78b5817a88f77e05b
70960ea158a8d9269c9a17a66a22352a0de19135,d3d5b3e3e365878e8d71dceb067e757aa008b40a
ad6e3df20a5755433be5dc100ceba4f40f538d63,1a43294aa90415f5c4e006eecc4d05075b36391f
7ba77d8a6a6daf6e4d302514568956251d3ef045,e57c391a182def80a32a39b36cb952f27f337abe
3839b2bbbdd3cc99595afd314203f4ef243fd668,7a7d74cf2fb280423c0d698473f7916cb71e4b33
e5b1d7fe56b1cb333c398cc311f557e11945bc97,496143cae16918d4e586e2204d292e99b16dbc4e
3ff63fbca4a375a1103c84b14f84c3320fb7758a,bfe31db98a3523487bce1160d4b0370ea388bb11
04ab4e5cc90ea1b07ddd681579c3d519834ea474,b27aedbde557c42d3e53596a30f929852c0f2297
4717e5d5442ea61a2405007fd8bd37b51d5c21c1,a4b6326532991a50c97db3f7e63d44669df2d796
7b9c03ff2942036913b1cc9fe2f17fad73b3433e,d8716de0a23fb57ed29491f219d8f89506a1b950
4f0169a1b739037e95a720012089710074bc58a4,7d52d17d31b3fe30a670adb26cdcdc226b8a929e
07b122a944aea38ca9b61df861304e3b173502ed,f87bac090ffcb67ee1b2f8fe5cb0bb2b9ac72549
7ce4c0f70c05571f484e0c203ae4d601b7245e12,4dac238c3118e03862f3ffa983d00225c117312f
cddccb23be2c38e0bd1441fd140c3b9e51eed36b,7af2dba8e60b2f7f5ef987efb80a2ca288677cda
b7f81122eea9cef942906a7312467f5b8c5038b0,1570bacbc783fdad9e37481635c3fdc06f7eb5dc
d540f810de0d2551fbbc7d908884fd69f5c67c47,aedf07433b1eb81b87bcf7dbc789d38ed07a0a45
60a2c4fb768797a485ef7333d249b9cb8914ffaf,5965211623bb8c70151cdbf6249161c4343e7b52
35af1294b345dbae9a91c406d8556bb9c78e9362,c61aa261d9931dcfbfdcf6c6465ea3a7f9b76ad0
b7e10e154c1fede969999d8290b784501ccf6669,f10d82a6bbefb696f85e2711d3cd0ef07cd754c6
2c587ab4703e253847bfa5859fe31bc7898cddfd,cb8288982be39ff657e8478c3a8e5e30a641a443
f02d76ed4c7b5627e4fcc6b4d74fb12d4729343d,c83038b3d968a5b022d1b4b3841ef8c9c8b0302a
942a2c1908bf2033084f7c376f2a0465b5fda63c,d4a86eee802ffb0913d88e96a4266d050bf14236
00770f9ec5f6d72c1d0fa7cbc350d120e6484191,0cf4e7f53dcdd0973f15b379ea7f1062234bbfac
d2ee797364e36c1f5e53505d3ada6b162c073196,bcfb2f29967ed50c1204b916d2bf7cecde7283fe
90654af4118a3b0ffced65ec2bfa2c3b6fa3618d,6d748c1a1bc39099a649f3886a478e30711ce9db
b16abfb42e50192db32b65e1e66274d65bbb29de,b6c67be503eec2ca0916e49d7fe6bff37cf6b26a
d37f88aa55e01acac635deb7190c088a1b18ed00,aa21103265b40269f8e8753f3993f00872c55be0
cb04d4ad6774f58be79a55f06ea5e4515d06b253,168699b72609efb613e3cdd10e01e14b5d8bc07f
1cc398a5d4b806e146765647a2ae8aac7e998bae,0b85bdc11232a41b6f5dc6428d99256f7b6e22fa
fe5b9d5ba83af583a8fc6f6834bd7444c85f1c55,68f667ed461ca453642100cf3598e8bc65646b2f
bebbd78c58ea95940e47ce421295be13397f30a8,541d323ad91eea49e49a173f2c04041dbe6ae956
c688555891d5e8a1a05e06ac84c85c7c41f046ad,023aa70236e321e5de4c75e4b21c8c47eeaccf42
1e5ef6f88a666c8a39df5960e2a590483185b0b2,51d3d0c392d7c252ae07011df4b014e27f18db68
44616f2ae9126b9b5fdf33e16b5286ba1486d81f,980fe2f40e8fb00f9bd71002803b0988455b21db
b4de0a34a19d86e7fb8cc6a296fc65d1427630f9,30efae2acda4e79040acbeaf793b155a07395b12
511ef8db7c0630cf0a76825b6607ba370d822964,6882a7a77d358643be125f50e2033a5e9522bbd0
afabfdfa30cc19f38d8833eb431b2276f7d646bb,3e9800b4d3a170c80df45feff35f97e44c628d8e
145e09d28bbb6c313316ef1dfb024df5669a5df9,8ae51c1ab6a82d460e51e344ded0e38a6fe328fc
371dbede0dc9b5eafe03dd4692e866a7c9e6437b,f7d74578eae2bd2e7477f7373a577c49cb8024d5
7f5ac210e8b392a32e665c98a196cdd36aa0ef85,ad62903bb381a14211e4bcbc712e6d91552b9c9f
d733f38dc067224dc89fe16c9abfb3c41bd3fc40,d6852b5d5a6f7d738ef7672a48ee9a1fb8a82c70
9987eed1314a39e6548e6aa298c4de5f7b608b60,f12eb60a611c1c1802e454b31363a9b5cb13a240
fbc39fb2aab19b005b57aa28e77398871c5027af,43a99cb2533ca206246ce4e07c94614c758b9273
0a15d418dfbff925f4e179ab3a5f882ab5232867,c8bdbf1356a07a9d5791d6deba2e97fae46d8a17
36e978d7214e76b0fd2f7c3ee1e397d177a951f4,3b0bc1894fecffbf91e2eef24fa4cb9d6212a905
d95a2144fe6c19590681e9116dc5cffe22453297,3d2fb1660788aac827ca6404079aadfd82bf0490
7904d49f5d21e8e2402cbc7bfa67cd4994f52672,b39c1bb3473777a728963e4ba4440f83ed343875
9db16b82feb348b0780558bc47c2e4caedf42bd0,fd962186bd840cc53ab43f6f4eb117f6e72a0182
a20456c1fd17315b1fcc62c905ed42b42643ac73,53f98ec519f1c079c4a8cbe76de319ae697dd8dd
0c6a5c48b56f731fa9979ea9cab9b11aad3a8b42,ac59d5d08d9c2ac25cc51b2c8e3aa35d61587bea
43237c843d170c0abfaefc130680f0f52f43c124,28948f5e0008333edf4ab4c79bf3ae6d72bdcae8
e4d7ea158f71006beb7e5c126a7fe9c05bb2854e,8730d1463e10d623531a9e1924c89893abe2ac7f
7fd705aea6a5ba5ef6673e9e3d8441b89e5242bd,0b3c7a6bc962ccf032c9c6259f9e37b0ed2869ed
63d087bdd7dd6bb8e9e58719c9a7b0e0a96a888b,87fbdcf66e763ee43d5b803353a4c033c1ab5baa
fbc7065965bc43cd3b0427adbac922744f987b1c,ce5560ea4866205a8441345ca6bd54b42ce72eaa
3f878c7a2358c475383e5d5fc1ff22b5c7fa615d,8f081e6f8cad8c0ea8ca89410747c5b7cdc9c013
9480e24eea4ea1c27a0efbc15c89ec5b4e7c13d6,0e48d14365617b40d16ad8a16ffbf368307cb8f0
bd4514e7365eee85eaf594f900ca6ca89afd9955,23b7a34b4080e5ec741f43ec8d8d7f0f7ca5b761
cbbceca4bc0f9352490771c950cb73b37ab8717b,e667485362ed178e7da21dd3a97bb40a66e829f5
3e09b5d22db6abcf87393ee6bc98031921ccb562,91275cafab576301ce0bfb3d692b8276e78fd275
890c432e1264f362999c30cc499d7714e76df4a7,e9239c9b109624968792cd3edfbef7ec831d1c74
3577e6ec3bbc4cc6b6e2f3187e661d24b6bec090,e78ffe012b3d45fbd79ad37a97f23e0cb7e3c734
44b12a059ec6c0d250cb935808ac95cc66d7eba6,d4df18d0bd2a048d12dd7167d9c22b9260dd1ac0
0673d4c98f58b1af988706971c60275022268f2d,d1ea3da6b7f1fcaa404bf1e57b0eb91abdd51745
0a428c20714c0e847be8feffb5f269ba337e7a19,6745cbe142b04d496072a5cd4e8b48187483f782
34be91032bc5d250760ec91bdad21e9bf8101902,161f973a72f704e37f5fadc1fa6e7078a0e980a2
284fb30c6f4379036af604d506efa276e7574f19,107fc3f26fca71b0853c9e3df5e1f954812bff15
b5f5543e6bcfa1b5195b1d0f493cf6cef00c6ade,f3ac65c9a1a389bbf5521f711cf5866c9ba6d26a
0e682d7b3448be0fd8765eef7aca0a3541d8ab1a,9b0488f54f1f4a6a80e2e4d9bcf9c66e838b219f
9ab8f2ef5930cb118bf5fad392eaee6e0f66df93,80bf64faca42077b17f5f74c91d66f16bf5b9053
433bdacdd95293fb91a3933094a0e61d0d862618,cb5ddfb023d8b9980e0c002c811b31be7317d18a
10390be3bf1e187c90e8845e36afe5108a0aab4f,54bf3c1864134479e6ab8cf4a2e0bf56c63c91d9
90883ee70b4deebd6b4e548b351a1e452cb66a32,65db4f33430bc9d4171e3c666476527191b0981b
e665c5c175b0b7e2da1a47673f4d2a6cfefdd04f,7122e8ec88995c9bc7daffd7e93fd63eb0ff915a
f9842465795ccbb0019dac6a3b2298fc5823bc45,3ff4d8f4bcbf3ecc7093c645c82f7d3d19e28000
ba590861cccd641bc90a25ae1c6533dbe34fb67a,a32ef0e5d089ab6d5699000a297818957a373ce7
4685dd5489bde8c5751428d4b0bd3a2b7e612e15,d6ee91272fb9274daf4e3f6e8449d5a2f6dcc7d8
4095b35507305da72da49025736ca1c462898930,d0f9d7e6d1e2266ed06d6a1c3a1b94a168ff04d5
df6597e9e9945ee7f69d87a193877620ad72c01b,808a7873370d0da02ab8e7e52fc3dda23e640833
97c109c8710576c80adbb79f28f4230160a66836,500311f6b09ffbfb62263fc90bbbd068edc5f9bc
0bb6ce12cd4a3c77a024a610b893ef3450b269de,08b4b6f4fe3cca4e27f2edeb58d32671cd75bf72
e6ead086287b9b077ab3d2d18162b0080fa08a75,74931e018a03f65f03bd777d0844adb9437a759a
82604881cdd3915a1856d670aa96815b0996d27f,4c60b9dad18ab47e2e4dff2c87df82967cbc0ef7
8d9d65c4034adb3390c5335ae8b362381ab5ab93,ea12494db59f5151ecf3fbdb2f95fcce325bd0a6
e12a334a9ad214b712038086473eb31679ddfe3e,17b7b11b93c1095617b6fcc333621e787f2a8536
7412b464dbfcc762013fc7b81d67600ea41d0add,5658239d4f748d390cbe551a110df2ae53439eb0
504bdefaa22373ecf9daea1da1f7af77bed5423a,3c146a5525a1a863d0b392674ca39437be14d808
c55657020154cfe94d91531a246ebb47728e3168,ce7d33b8ef1f4759595f0b502175ec5db0fba8ce
2fc5aebe022803a8f4e4a0d00c33acd4ecfba5a5,13817c8bd649eaffb3dec755819d31c6831162f0
2f4031d86294da1718de601f53e99431122728b1,f67ff734622e5b2aaf907ce176087f1600e171ad
ae7622ddd51bba5277b161e714e7bb9a615f6ba4,cdea0b2276b1369a828659dd79a9e854df754a25
6faf34eb4d10856505e23eb5b1523f9287db9e91,f44059058347aa09da0db3be8328e8f7a2e287d0
c2aa42c2906a1a40d052d911d3200427b3aed7af,94adec05e32aa685e6eeb08f905d3ea4af322039
03092103d8c3d2f688a30caf379892b1de8048fd,44aac00a31da2e24c531d07dc2a5f07cf49729aa
1413cce17e6e9d8cd4826f23c6f0e4c59df975a3,56e1e6a6f904c598b1e2e8a1961eb5f8d3d3b8ba
098e33ff5056415d8ae8ee154af92f75e595e997,f4161d059430c84b7aca0792d076f838d245c2e6
db0622bf932555abb72c55b30880bf8b8f658c2f,0416a41593443d3f250682b5318cbdcb824b3f4f
a188867032ba8bda5a502379928d05c1388a30ce,1983900531754631d3353faa426a8f1e6e481a4f
